,ids,smiles,task1,task2
0,846518,COc1ccc(\N=N/c2cccc(C(=O)O)c2C#N)cc1-c1ccccc1,13.5174258583754,4.113590357939699
1,1056698,COc1cccc(-c2ccccc2)c1\N=N/c1cc(C)c(C(=O)O)cc1C,12.951414155610616,0.3671896137460829
2,980709,COc1cc(-c2ccccc2)cc(F)c1\N=N/c1cc(F)ccc1C(=O)O,12.400124653695663,4.121508853385124
3,538211,COc1c(C)cccc1\N=N/c1ccc(-c2ccccc2)c(OC)c1-c1ccccc1,12.857984650529506,4.265157435797052
4,1082687,COc1cc(\N=N/c2ccc(C#N)c(-c3ccccc3)c2C(=O)O)ccc1-c1ccccc1,11.515159434132368,0.5509204772509129
5,880656,COc1cc(C(=O)O)c(\N=N/c2cc(C(=O)O)ccc2C#N)cc1-c1ccccc1,11.919573917631089,4.699504598586252
6,948991,Cc1cc(C(=O)O)ccc1\N=N/c1c(-c2ccccc2)ccc(C)c1C,14.735951091156984,2.379031684524875
7,280041,COc1cc(\N=N/c2c(C)ccc(-c3ccccc3)c2C#N)ccc1C(=O)O,14.033166246363923,0.5233554054596694
8,175660,Fc1ccccc1\N=N/c1c(F)ccc(F)c1F,14.628780101807962,3.5370368129402476
9,653467,COc1cc(C(=O)O)ccc1\N=N/c1cc(C(=O)O)cc(OC)c1-c1ccccc1,12.521069253783534,4.001833447924045
10,601997,COc1cccc(\N=N/c2c(C(=O)O)ccc(C)c2-c2ccccc2)c1F,14.103761729679762,5.025904436802392
11,490604,COc1cccc(\N=N/c2cc(F)cc(C)c2OC)c1C,15.626981765471537,2.514816194134194
12,860583,N#Cc1cc(\N=N/c2cc(F)c(F)cc2C#N)cc(C(=O)O)c1,13.775874561427369,2.2637100910026087
13,712132,N#Cc1cc(C#N)c(\N=N/c2ccc(C(=O)O)c(C(=O)O)c2)c(-c2ccccc2)c1,11.952166911270028,0.9166406794739109
14,43702,N#Cc1cc(F)c(\N=N/c2ccc(C(=O)O)cc2)c(C(=O)O)c1,11.202955854665666,0.9795260505548136
15,705373,COc1cc(C)cc(C)c1\N=N/c1cccc(C(=O)O)c1C(=O)O,10.339239266749052,1.8989967077892622
16,553505,COc1ccc(F)cc1\N=N/c1c(C(=O)O)cc(C)cc1C(=O)O,11.621136482158393,5.841727158747403
17,804490,COc1c(C(=O)O)ccc(C(=O)O)c1\N=N/c1ccc(C(=O)O)cc1-c1ccccc1,24.486978585689258,3.234446883715573
18,20138,COc1ccccc1\N=N/c1c(C)cccc1F,15.915317046254987,2.856073415571502
19,242477,COc1cccc(\N=N/c2cc(-c3ccccc3)c(C)cc2-c2ccccc2)c1OC,13.021100974727016,4.65022488978707
20,107689,N#Cc1ccccc1\N=N/c1cc(F)cc(C(=O)O)c1,12.703126712941387,1.6143934641065294
21,576801,COc1ccc(F)c(\N=N/c2cc(C(=O)O)cc(F)c2OC)c1,15.357182105492088,2.9946334802799814
22,789075,COc1cc(F)cc(\N=N/c2cc(C(=O)O)cc(-c3ccccc3)c2)c1-c1ccccc1,14.785430295553704,2.756724869565687
23,257532,COc1c(\N=N/c2ccc(F)c(C)c2OC)cccc1C(=O)O,18.158325917154027,4.108474628914842
24,220425,COc1ccc(\N=N/c2c(OC)ccc(C(=O)O)c2C)c(OC)c1,13.323160943752208,3.9226212820988895
25,1019759,Cc1ccc(\N=N/c2ccc(C(=O)O)cc2F)c(F)c1F,10.468151652610684,2.4931831911028546
26,312358,COc1cc(C#N)c(C)c(\N=N/c2cccc(OC)c2C(=O)O)c1,11.502561219407943,1.1423314054591578
27,910398,COc1ccc(\N=N/c2cc(C)ccc2C(=O)O)c(C)c1C#N,12.130264353916717,2.1477898483289333
28,997548,COc1cc(C(=O)O)c(OC)cc1\N=N/c1cc(F)cc(C(=O)O)c1,12.008172210666364,2.794929569264887
29,1189744,Cc1ccc(\N=N/c2cc(-c3ccccc3)ccc2-c2ccccc2)c(C(=O)O)c1C(=O)O,18.450444328335752,-1.9530656097069072
30,1154520,COc1ccc(C)c(\N=N/c2ccc(-c3ccccc3)c(C(=O)O)c2)c1-c1ccccc1,14.755346679816874,1.7495249019216237
31,1108826,COc1cccc(\N=N/c2c(F)ccc(F)c2C(=O)O)c1-c1ccccc1,15.971944607193159,2.442379648131585
32,983368,COc1cc(C(=O)O)cc(\N=N/c2c(F)cccc2C(=O)O)c1OC,12.576347835327653,-1.2583877047522471
33,516230,COc1ccc(\N=N/c2c(C)ccc(OC)c2C#N)cc1C,11.580082554438912,2.282921286150215
34,1137383,N#Cc1cc(-c2ccccc2)ccc1\N=N/c1cc(C(=O)O)cc(-c2ccccc2)c1,12.733138218642225,2.827882483319816
35,630717,COc1cccc(C(=O)O)c1\N=N/c1c(OC)cc(F)cc1-c1ccccc1,15.902396425112387,1.6456048533871706
36,904801,Cc1ccc(\N=N/c2c(F)cc(C(=O)O)cc2C(=O)O)c(C(=O)O)c1,9.729575842776603,0.9719885136462234
37,607935,COc1cccc(F)c1\N=N/c1c(C(=O)O)ccc(C)c1F,21.329086473303523,2.714601739132074
38,1171853,Cc1c(\N=N/c2c(C(=O)O)cccc2-c2ccccc2)cc(C(=O)O)cc1-c1ccccc1,9.373614126580579,-1.8667512881713741
39,515285,COc1ccc(\N=N/c2c(C)ccc(C(=O)O)c2C)cc1C,14.11001997261832,1.9316230859439851
40,596667,COc1ccc(F)c(\N=N/c2c(C#N)cc(F)cc2C(=O)O)c1,13.943613706265628,2.1120341678472494
41,225178,COc1ccc(\N=N/c2ccc(C#N)c(C#N)c2OC)cc1OC,13.339195852045393,3.8329055449975664
42,80085,Cc1cc(C(=O)O)c(C)cc1\N=N/c1ccccc1-c1ccccc1,16.554026669801566,-1.3226880647134187
43,174548,Cc1cc(-c2ccccc2)cc(\N=N/c2ccccc2F)c1C,16.056848467132234,2.041094244689133
44,873834,COc1cc(C)c(C)cc1\N=N/c1ccc(C(=O)O)c(C#N)c1,12.642900265231752,3.641011284123704
45,283993,COc1cc(\N=N/c2cc(C(=O)O)cc(C#N)c2C(=O)O)cc(C(=O)O)c1,12.727148212294392,0.20120053387196143
46,364557,COc1ccc(\N=N/c2ccc(OC)c(C(=O)O)c2)c(-c2ccccc2)c1,14.325269400586809,5.961865156721916
47,897567,Cc1c(\N=N/c2cccc(C#N)c2C(=O)O)ccc(-c2ccccc2)c1F,11.961753747859065,1.7273204610664703
48,796367,COc1c(-c2ccccc2)ccc(\N=N/c2ccc(C(=O)O)cc2-c2ccccc2)c1-c1ccccc1,11.375489160277235,1.8170906208291708
49,503272,COc1cc(C)cc(\N=N/c2ccc(C#N)c(OC)c2F)c1,15.836846359829838,2.24664859049372
50,208442,COc1ccc(\N=N/c2c(C)cc(C)cc2C(=O)O)cc1OC,13.554019630359093,3.799734940340438
51,299368,COc1ccc(\N=N/c2c(-c3ccccc3)cc(C)cc2-c2ccccc2)cc1C(=O)O,14.390041290037024,2.916591401411487
52,536749,COc1cccc(C)c1\N=N/c1c(F)ccc(OC)c1OC,17.62491482221253,5.8310603195180395
53,532921,COc1cccc(C)c1\N=N/c1cccc(C#N)c1C#N,13.53712870594858,3.28941375935105
54,242827,COc1cccc(\N=N/c2c(-c3ccccc3)ccc(F)c2C)c1OC,15.876314259572046,-2.731690450956183
55,456093,COc1cccc(\N=N/c2ccc(-c3ccccc3)cc2C(=O)O)c1C#N,12.017628216861688,2.476910819007605
56,307217,COc1ccc(C(=O)O)c(\N=N/c2c(OC)cc(C(=O)O)cc2C(=O)O)c1,10.32754644376948,-0.8846129504520355
57,268353,COc1cccc(C(=O)O)c1\N=N/c1cc(F)ccc1C,13.26139924035036,1.45673104954845
58,611592,COc1c(F)cccc1\N=N/c1c(C)cc(-c2ccccc2)cc1C#N,14.659781849244983,3.70827767845864
59,443035,COc1ccc(\N=N/c2c(-c3ccccc3)ccc(C(=O)O)c2-c2ccccc2)cc1C#N,12.646862358739336,3.275753674420326
60,692093,COc1cc(F)cc(\N=N/c2ccc(C(=O)O)cc2C(=O)O)c1-c1ccccc1,11.565677858432078,2.1009319474258596
61,591473,COc1ccc(\N=N/c2c(OC)cc(-c3ccccc3)cc2C(=O)O)c(F)c1,12.322630248120284,3.8413138442840196
62,314759,COc1cccc(\N=N/c2c(C)cc(C#N)cc2F)c1C(=O)O,18.348715116233386,2.207137747218445
63,434058,COc1ccc(C#N)c(\N=N/c2cc(-c3ccccc3)cc(C(=O)O)c2C)c1,13.545400969215505,1.89665653387594
64,1074092,COc1ccc(-c2ccccc2)cc1\N=N/c1c(-c2ccccc2)ccc(-c2ccccc2)c1F,16.6346571691571,2.6602063013142225
65,354441,COc1cc(\N=N/c2c(-c3ccccc3)ccc(F)c2C#N)ccc1-c1ccccc1,12.872887855852232,3.660576226492924
66,342875,COc1cccc(-c2ccccc2)c1\N=N/c1cc(-c2ccccc2)cc(C)c1C#N,13.240517885288353,4.346301605658725
67,1143785,COc1cc(C#N)c(\N=N/c2cc(-c3ccccc3)ccc2C(=O)O)c(-c2ccccc2)c1,16.081572886022006,1.152535652175089
68,614561,COc1cc(\N=N/c2cccc(OC)c2C(=O)O)c(C#N)c(C(=O)O)c1,13.19241812066291,0.5452333104146168
69,166353,Cc1ccc(\N=N/c2ccccc2F)c(C#N)c1,14.206027279500134,2.602463870579585
70,538316,COc1ccc(C#N)c(\N=N/c2cccc(C)c2OC)c1C(=O)O,104.75172944255205,4.249021120321217
71,522903,COc1ccc(\N=N/c2c(F)cc(C)cc2-c2ccccc2)c(C)c1,13.104189885514263,4.7080761658197146
72,332385,COc1cc(-c2ccccc2)ccc1\N=N/c1c(C(=O)O)ccc(C#N)c1C#N,12.046452764225275,3.3122712719942413
73,497517,COc1cc(\N=N/c2ccc(-c3ccccc3)c(C)c2C#N)ccc1C,13.751988591815254,3.382666968656139
74,802981,COc1c(\N=N/c2ccc(C(=O)O)c(-c3ccccc3)c2)ccc(C)c1C,11.65751457143524,2.8998292254813967
75,13965,COc1ccc(\N=N/c2c(F)ccc(C)c2F)cc1,13.774239799701206,4.510521949443338
76,136803,COc1ccc(C#N)c(\N=N/c2ccccc2C)c1,12.206788423568883,0.3049845257808131
77,279839,COc1cc(\N=N/c2cc(-c3ccccc3)cc(-c3ccccc3)c2F)ccc1C(=O)O,12.79682606137157,2.6234982244657026
78,452705,COc1ccc(C#N)c(\N=N/c2c(C(=O)O)ccc(F)c2-c2ccccc2)c1,15.979329058032118,1.286850750255136
79,66385,COc1c(C#N)ccc(C#N)c1\N=N/c1cccc(-c2ccccc2)c1,13.806987292298286,3.1383364853409126
80,629544,COc1cccc(C(=O)O)c1\N=N/c1cc(C(=O)O)c(C(=O)O)cc1C(=O)O,10.615449262824717,0.14783912638517005
81,1150328,Cc1cc(\N=N/c2ccc(-c3ccccc3)cc2C(=O)O)c(C(=O)O)cc1C,10.853965707450415,2.581048558144258
82,123466,COc1c(\N=N/c2cccc(C)c2)ccc(C(=O)O)c1C#N,13.950945601599743,2.640124343782566
83,1165769,COc1cc(C)c(\N=N/c2cccc(-c3ccccc3)c2C(=O)O)c(C(=O)O)c1,13.660151726337887,3.1443229767436325
84,245259,COc1cccc(OC)c1\N=N/c1c(C(=O)O)ccc(C#N)c1C(=O)O,20.057614904630366,6.952683906972723
85,257005,COc1c(\N=N/c2c(-c3ccccc3)ccc(-c3ccccc3)c2C)cccc1C(=O)O,12.789509253498997,2.5375376501517835
86,1090865,COc1ccc(-c2ccccc2)cc1\N=N/c1c(C)cccc1C#N,12.426253198835417,3.474287498484946
87,187600,COc1ccc(\N=N/c2c(-c3ccccc3)ccc(F)c2C(=O)O)c(OC)c1,24.55785370853198,5.139729407480166
88,1156754,COc1cc(C)cc(\N=N/c2ccc(-c3ccccc3)cc2C(=O)O)c1C(=O)O,11.526087765381225,1.4176555874590127
89,110801,Cc1ccc(\N=N/c2ccccc2C#N)c(F)c1C#N,18.066483347455762,5.459380837207542
90,888342,COc1ccc(F)c(C(=O)O)c1\N=N/c1cccc(C(=O)O)c1C#N,6.496832087715948,2.383848088983308
91,259759,COc1cc(C(=O)O)ccc1\N=N/c1cc(-c2ccccc2)c(C(=O)O)cc1F,11.590101060360995,3.6863725621822847
92,874954,N#Cc1ccc(\N=N/c2ccc(C(=O)O)cc2C#N)c(C#N)c1,14.287933018392481,3.15251358544026
93,268050,COc1cccc(C(=O)O)c1\N=N/c1ccc(-c2ccccc2)cc1-c1ccccc1,23.5705290385966,1.2322648331688677
94,851893,COc1c(\N=N/c2ccc(C#N)c(C(=O)O)c2)ccc(C#N)c1-c1ccccc1,13.064675576794706,3.242773549037802
95,251247,COc1cccc(\N=N/c2ccc(C#N)c(C)c2OC)c1OC,13.502246755977078,3.859708699696579
96,1086362,COc1cc(-c2ccccc2)ccc1\N=N/c1cc(-c2ccccc2)c(OC)cc1OC,12.84963420321403,5.10642274620981
97,847864,N#Cc1c(\N=N/c2cc(C(=O)O)c(-c3ccccc3)cc2C(=O)O)cccc1C(=O)O,13.11871047178282,2.238648461071697
98,177760,COc1c(-c2ccccc2)ccc(F)c1\N=N/c1ccccc1,13.431559891359548,-0.8010741840218498
99,1182078,N#Cc1cc(\N=N/c2cccc(-c3ccccc3)c2-c2ccccc2)cc(-c2ccccc2)c1C#N,12.031135434308572,3.1027168614786427
100,976268,N#Cc1cc(C(=O)O)cc(\N=N/c2ccc(F)cc2C(=O)O)c1C(=O)O,14.223922918238781,2.773323777548768
101,1054798,COc1cccc(-c2ccccc2)c1\N=N/c1cc(C(=O)O)c(C#N)cc1F,17.388078922699197,4.863452829119662
102,406954,COc1cc(C#N)ccc1\N=N/c1cc(C)c(C)cc1-c1ccccc1,13.351701561520345,4.838690523761361
103,147795,COc1cc(C(=O)O)cc(\N=N/c2ccccc2F)c1-c1ccccc1,14.49591713601361,4.103250054604353
104,1027890,Cc1ccc(\N=N/c2cccc(C(=O)O)c2F)c(C#N)c1C(=O)O,12.889074666038068,4.522903102119395
105,588063,COc1ccc(\N=N/c2cc(C#N)c(C(=O)O)c(-c3ccccc3)c2)cc1F,12.702991040391664,3.5295264873592527
106,229520,COc1ccc(F)c(\N=N/c2ccc(OC)cc2OC)c1,14.159107132386154,5.2277580424623915
107,786401,COc1ccc(\N=N/c2cc(C(=O)O)cc(-c3ccccc3)c2)c(C(=O)O)c1-c1ccccc1,12.83143690168912,2.479604740142541
108,11818,COc1ccc(\N=N/c2cc(OC)c(OC)c(-c3ccccc3)c2)cc1,14.196350690383179,4.505569488371678
109,207821,COc1ccc(\N=N/c2cc(C#N)cc(-c3ccccc3)c2C#N)cc1OC,14.10596500972211,4.871697860465293
110,1064227,COc1ccc(\N=N/c2ccc(C(=O)O)c(C#N)c2C)cc1-c1ccccc1,12.552360655725584,3.069954426692131
111,991700,COc1ccc(C#N)c(\N=N/c2cccc(C(=O)O)c2F)c1F,13.261977456094913,2.951313051568299
112,1173953,O=C(O)c1cc(F)c(C(=O)O)c(\N=N/c2c(C(=O)O)cccc2-c2ccccc2)c1,13.823417672347182,-1.9470246956489972
113,805558,COc1cc(\N=N/c2ccc(C(=O)O)cc2-c2ccccc2)cc(C(=O)O)c1C,14.069042215759776,3.232623724977061
114,878768,Cc1cc(\N=N/c2ccc(C(=O)O)cc2C#N)cc(F)c1F,15.9116356390825,2.9893544833143024
115,352674,COc1cc(\N=N/c2cc(F)cc(F)c2-c2ccccc2)ccc1-c1ccccc1,13.25781594140652,3.7576118099130116
116,457151,COc1cc(\N=N/c2cccc(OC)c2C#N)c(C(=O)O)c(OC)c1,11.581413161260004,2.6921796076809077
117,197188,COc1cc(F)c(\N=N/c2c(OC)cccc2OC)cc1-c1ccccc1,18.090127859007666,5.818270996965178
118,1123274,Cc1cc(F)cc(F)c1\N=N/c1cc(C(=O)O)ccc1-c1ccccc1,14.346017816892717,3.7108899656231653
119,727700,O=C(O)c1ccc(\N=N/c2c(F)ccc(-c3ccccc3)c2-c2ccccc2)c(C(=O)O)c1,12.312369038005608,3.890158171891176
120,573642,COc1cc(F)cc(\N=N/c2ccc(C)c(OC)c2C#N)c1,12.449847369638116,1.404213193124301
121,217069,COc1ccc(OC)c(\N=N/c2c(C)cc(-c3ccccc3)cc2C)c1,13.655472195782501,2.8022766268926853
122,719697,COc1c(F)ccc(-c2ccccc2)c1\N=N/c1cc(C(=O)O)ccc1C(=O)O,15.177492148955908,3.914893265921882
123,511667,COc1ccc(\N=N/c2cc(C#N)c(-c3ccccc3)c(C#N)c2)c(C)c1,12.548371261053486,3.7256385035401394
124,667530,COc1ccc(C(=O)O)cc1\N=N/c1c(C(=O)O)ccc(C(=O)O)c1OC,17.835103494071824,3.5945071304360567
125,299521,COc1ccc(\N=N/c2c(-c3ccccc3)ccc(C#N)c2F)cc1C(=O)O,13.83236768219281,4.879997314459927
126,749173,Cc1cc(C(=O)O)c(-c2ccccc2)cc1\N=N/c1c(C(=O)O)cccc1C(=O)O,8.997583015377643,1.9667256946438187
127,656239,COc1cc(C(=O)O)ccc1\N=N/c1c(F)ccc(C(=O)O)c1C(=O)O,13.687356471633572,-3.486641439839595
128,804347,O=C(O)c1ccc(\N=N/c2cccc(F)c2F)c(-c2ccccc2)c1,13.828495996935716,4.789628505564379
129,96741,Cc1cc(\N=N/c2cccc(C#N)c2)c(C#N)cc1C#N,11.891000017900966,3.8926071911025044
130,996419,COc1cc(C)c(\N=N/c2ccc(F)c(C(=O)O)c2)cc1F,13.943139997336322,3.590153318503431
131,971988,Cc1ccc(\N=N/c2cccc(F)c2C(=O)O)c(C#N)c1C,13.48102596449352,2.498761512641144
132,306331,COc1ccc(\N=N/c2cc(F)cc(C)c2OC)c(C(=O)O)c1,17.303052130188043,6.687944930231821
133,226610,COc1ccc(\N=N/c2cc(C#N)c(-c3ccccc3)cc2-c2ccccc2)cc1OC,12.912299724926022,4.9628557977806675
134,910912,Cc1ccc(C(=O)O)c(\N=N/c2c(F)ccc(C#N)c2C)c1,13.99378236820629,3.1147442669330854
135,698943,COc1c(C(=O)O)ccc(F)c1\N=N/c1cc(C(=O)O)ccc1C(=O)O,13.779720986570688,2.168579300303818
136,125287,Cc1cccc(\N=N/c2cc(C)c(C#N)c(C#N)c2)c1,13.76076582397338,1.8740711344839518
137,129968,Cc1ccc(\N=N/c2ccc(C(=O)O)c(-c3ccccc3)c2C#N)cc1,12.102960462022558,2.773704736097977
138,1135267,N#Cc1cc(C(=O)O)c(C(=O)O)cc1\N=N/c1ccc(C(=O)O)c(-c2ccccc2)c1,10.504526540381857,2.0806867219471936
139,1049717,COc1ccc(-c2ccccc2)c(\N=N/c2c(C(=O)O)ccc(OC)c2C#N)c1,11.810449597192955,0.22364987664453534
140,8326,COc1cccc(\N=N/c2cc(C#N)cc(F)c2C)c1,15.484014242318656,1.3616274701772546
141,27486,COc1ccccc1\N=N/c1ccc(C(=O)O)c(-c2ccccc2)c1C#N,13.188821987448847,3.685610645096241
142,28218,COc1ccccc1\N=N/c1cc(C)c(-c2ccccc2)cc1-c1ccccc1,22.2914507732822,3.532601367037211
143,235329,COc1ccc(OC)c(\N=N/c2cc(C(=O)O)c(C(=O)O)cc2C(=O)O)c1,11.22874030064881,2.2844451203223026
144,113679,COc1ccc(C(=O)O)c(\N=N/c2ccccc2C#N)c1C(=O)O,13.43609378783749,1.842315518700905
145,493995,COc1cc(F)c(C#N)cc1\N=N/c1cccc(OC)c1C,14.330112124017047,3.0629066936307563
146,299906,COc1ccc(\N=N/c2ccc(-c3ccccc3)c(C#N)c2F)cc1C(=O)O,17.111831401613266,3.852388853384001
147,258592,COc1cc(C(=O)O)ccc1\N=N/c1ccc(C)cc1F,10.899293267850672,3.2102832275024933
148,334833,COc1cc(F)c(OC)c(\N=N/c2ccc(-c3ccccc3)cc2OC)c1,14.968808319817967,3.9554109282129963
149,798885,N#Cc1c(C(=O)O)ccc(F)c1\N=N/c1ccc(C(=O)O)cc1-c1ccccc1,12.887214814055223,3.2041334681527642
150,633075,COc1c(\N=N/c2cccc(C(=O)O)c2F)cccc1C(=O)O,14.374263647581872,3.68082145197159
151,846761,Cc1ccc(\N=N/c2cccc(C(=O)O)c2C#N)c(C)c1,13.741795476678254,2.6957987138488977
152,669555,COc1ccc(C(=O)O)cc1\N=N/c1ccc(F)c(C#N)c1C(=O)O,14.829358999902704,4.181482612735078
153,564134,COc1cc(C(=O)O)c(C#N)cc1\N=N/c1cccc(OC)c1F,13.289870937869182,3.6749982285158795
154,671803,COc1cc(\N=N/c2cccc(C(=O)O)c2OC)c(C(=O)O)c(-c2ccccc2)c1,15.619566164566766,0.908014689585258
155,444838,COc1ccc(\N=N/c2ccc(C#N)c(F)c2C#N)cc1C#N,12.312642744353571,4.016064970678583
156,759931,COc1ccc(C)c(-c2ccccc2)c1\N=N/c1cccc(-c2ccccc2)c1C(=O)O,12.7480566774472,3.720658831140884
157,1114882,COc1cc(C)cc(C)c1\N=N/c1ccc(C(=O)O)cc1-c1ccccc1,12.418626234973805,4.678905625885972
158,567802,COc1cc(\N=N/c2ccc(C)c(C#N)c2C(=O)O)ccc1F,14.886233555239482,1.5235620626913613
159,585057,COc1ccc(\N=N/c2ccc(C(=O)O)c(C)c2F)c(F)c1,13.807723142382129,5.067809876639993
160,523491,COc1ccc(C)c(\N=N/c2cccc(OC)c2F)c1,14.15593618427754,2.448883154696741
161,761990,COc1ccc(-c2ccccc2)c(\N=N/c2ccc(-c3ccccc3)cc2C(=O)O)c1OC,12.637406838620556,3.743353075837066
162,154332,N#Cc1cc(-c2ccccc2)c(-c2ccccc2)cc1\N=N/c1cccc(F)c1,12.980179369113786,2.4058076279086666
163,73840,O=C(O)c1cccc(F)c1\N=N/c1cccc(-c2ccccc2)c1,13.859723133987995,1.6814421678454532
164,862410,N#Cc1ccc(C(=O)O)cc1\N=N/c1ccc(C#N)c(F)c1C(=O)O,16.42775222535643,6.636461104144919
165,864161,COc1cc(-c2ccccc2)c(C)cc1\N=N/c1cc(C(=O)O)ccc1C#N,12.698582217120567,4.1176992679425295
166,6603,COc1cccc(\N=N/c2cc(C(=O)O)c(C#N)c(-c3ccccc3)c2)c1,12.248986696579538,1.4573841213364878
167,538875,COc1c(C)cccc1\N=N/c1c(C(=O)O)ccc(C(=O)O)c1F,12.53228293293768,1.8384515106154946
168,685928,COc1cc(\N=N/c2cccc(C(=O)O)c2C(=O)O)cc(OC)c1C(=O)O,13.148901630264588,3.117247708793417
169,586192,COc1ccc(\N=N/c2ccc(C)c(C#N)c2OC)cc1F,17.504380896636178,4.5327263902923045
170,324546,COc1c(\N=N/c2c(C)ccc(C)c2OC)cccc1C(=O)O,18.16133931492424,2.112061379174844
171,679500,COc1cccc(C(=O)O)c1\N=N/c1cc(C)cc(-c2ccccc2)c1C,15.165474491910405,2.132850831143542
172,22922,COc1ccccc1\N=N/c1c(C#N)ccc(F)c1OC,14.682931166658545,4.200748230537874
173,248890,COc1cccc(\N=N/c2cccc(C)c2C)c1OC,21.824885362728374,4.102025544998689
174,41335,O=C(O)c1ccc(\N=N/c2c(-c3ccccc3)ccc(-c3ccccc3)c2C(=O)O)cc1,15.300341571409229,4.459718406472069
175,928570,Cc1cc(\N=N/c2cc(-c3ccccc3)cc(C(=O)O)c2C(=O)O)cc(C(=O)O)c1,14.138982371018132,2.710492829123056
176,439215,COc1ccc(\N=N/c2ccc(C)c(-c3ccccc3)c2C)c(C#N)c1,12.979978332956078,3.6529298442863274
177,1091580,COc1cc(C)c(F)c(\N=N/c2cc(-c3ccccc3)ccc2OC)c1,14.882267942004413,3.51170306976432
178,474202,COc1c(C)cccc1\N=N/c1ccc(C)c(OC)c1C,12.910399166958001,2.8442092780578814
179,942299,COc1c(\N=N/c2ccc(C(=O)O)c(C)c2)ccc(C(=O)O)c1C,12.241926398509566,2.3517931486338375
180,401421,COc1c(C#N)cccc1\N=N/c1cc(C#N)cc(C)c1-c1ccccc1,14.432129971136217,4.118025803842736
181,836219,Cc1cc(C(=O)O)c(\N=N/c2ccc(C#N)cc2C(=O)O)cc1F,11.363957409841085,1.6752379858405335
182,737843,N#Cc1cc(F)ccc1\N=N/c1cc(C(=O)O)ccc1C(=O)O,14.851861647279378,3.381197557126867
183,807567,Cc1ccc(\N=N/c2ccc(C(=O)O)cc2-c2ccccc2)c(C)c1-c1ccccc1,11.06083153253732,0.3268080080867573
184,721477,N#Cc1c(-c2ccccc2)ccc(C(=O)O)c1\N=N/c1cc(C(=O)O)ccc1C(=O)O,24.51229799270253,-2.6395256946435315
185,12625,COc1ccc(\N=N/c2c(C)ccc(C#N)c2OC)cc1,13.757371624865868,3.651133896863037
186,1084783,COc1cc(\N=N/c2cc(C)cc(OC)c2-c2ccccc2)ccc1-c1ccccc1,13.067651755641693,3.6427528088979915
187,1108543,COc1cccc(\N=N/c2cc(C)cc(C#N)c2F)c1-c1ccccc1,14.066581733655868,4.112556327602452
188,595679,COc1ccc(F)c(\N=N/c2c(C(=O)O)ccc(OC)c2C#N)c1,12.701100243524913,3.0497908351838765
189,494043,COc1cccc(\N=N/c2ccc(C#N)c(C#N)c2F)c1C,15.525349516380547,1.5172218240670272
190,1094272,COc1ccc(-c2ccccc2)cc1\N=N/c1c(C)cc(C#N)cc1-c1ccccc1,12.797795999122695,4.115277460064983
191,805329,O=C(O)c1ccc(\N=N/c2cc(C(=O)O)cc(-c3ccccc3)c2C(=O)O)c(-c2ccccc2)c1,12.245854152308645,2.824481067747839
192,310524,COc1ccc(C(=O)O)c(\N=N/c2cc(C)c(C)cc2C)c1,16.04270915763363,1.957065674417919
193,1012329,COc1cc(C(=O)O)c(C(=O)O)cc1\N=N/c1ccc(C(=O)O)c(F)c1,12.138876145424302,3.0226611445908453
194,157025,COc1cc(C(=O)O)c(\N=N/c2ccc(F)cc2)cc1-c1ccccc1,15.867477908018078,3.548846527804865
195,743972,N#Cc1cc(\N=N/c2cccc(C(=O)O)c2C(=O)O)c(F)cc1C(=O)O,17.907635082645175,4.4952836076853355
196,448815,COc1ccc(\N=N/c2cc(C)c(-c3ccccc3)cc2C#N)c(C#N)c1,12.97048259116361,4.971209674418118
197,856828,COc1ccc(\N=N/c2cc(C#N)cc(C(=O)O)c2)c(C(=O)O)c1C,17.433886469881912,4.505814390295286
198,798330,Cc1ccc(\N=N/c2ccc(C(=O)O)cc2-c2ccccc2)c(C)c1C,12.376918070252147,3.604684165824393
199,861770,COc1c(C(=O)O)ccc(\N=N/c2cc(C(=O)O)ccc2C#N)c1C(=O)O,12.324653035110236,0.8590887280076905
200,891123,COc1c(\N=N/c2c(C#N)cccc2C(=O)O)cc(C#N)cc1-c1ccccc1,12.078840432153044,2.8224402184009403
201,1018174,Cc1cc(C)c(-c2ccccc2)cc1\N=N/c1ccc(C(=O)O)cc1F,14.011823832179013,1.8791868634964344
202,1024390,Cc1c(F)ccc(\N=N/c2cc(C(=O)O)ccc2F)c1C#N,14.446840202700281,2.9375169100119733
203,892981,COc1cc(F)c(\N=N/c2c(C#N)cccc2C(=O)O)cc1C#N,12.97727779059105,3.6856378564176486
204,1028452,COc1ccc(-c2ccccc2)c(\N=N/c2cccc(C(=O)O)c2F)c1C,11.89764376652179,1.0071999676440635
205,702512,N#Cc1cc(\N=N/c2c(C(=O)O)cccc2C(=O)O)c(-c2ccccc2)c(-c2ccccc2)c1,11.552600361066927,1.367886074818803
206,102732,COc1c(F)cccc1\N=N/c1cccc(C#N)c1,16.12986164223964,3.347455514658299
207,636787,COc1c(\N=N/c2ccc(C)c(F)c2C#N)cccc1C(=O)O,12.861725340496015,4.466004222447399
208,1036155,Cc1ccc(C#N)c(\N=N/c2cccc(F)c2C(=O)O)c1C(=O)O,11.407227514079597,-1.335205274015077
209,1108009,COc1cccc(\N=N/c2cc(C(=O)O)cc(C(=O)O)c2C)c1-c1ccccc1,13.55521783787887,3.0666890677457554
210,445041,COc1ccc(\N=N/c2ccc(C(=O)O)c(C)c2C(=O)O)cc1C#N,12.395485177372029,2.478407441864472
211,956089,Cc1c(\N=N/c2ccc(C(=O)O)c(C#N)c2C(=O)O)cccc1C(=O)O,12.807275610692738,2.0115427462061812
212,199232,COc1cccc(OC)c1\N=N/c1cc(C)cc(F)c1F,14.490797050374407,4.923317743177797
213,11244,COc1ccc(\N=N/c2ccc(C(=O)O)c(C(=O)O)c2C(=O)O)cc1,11.591062317117803,2.2111378119294565
214,875483,COc1cc(-c2ccccc2)cc(C#N)c1\N=N/c1ccc(C(=O)O)cc1C#N,13.930760348945626,4.433078519720065
215,1117388,Cc1cc(\N=N/c2ccc(C(=O)O)cc2-c2ccccc2)c(C#N)cc1C(=O)O,12.351231914563346,3.5076757937319005
216,351464,COc1cc(\N=N/c2cc(C(=O)O)c(C(=O)O)cc2C)ccc1-c1ccccc1,11.876509325028868,1.9044661840233588
217,45671,O=C(O)c1cccc(\N=N/c2cc(-c3ccccc3)cc(C(=O)O)c2F)c1,13.933850101722877,1.6137131809908964
218,972726,Cc1ccc(C)c(\N=N/c2cccc(F)c2C(=O)O)c1C,18.690763111791156,1.5499026248707533
219,1075366,COc1ccc(-c2ccccc2)cc1\N=N/c1cc(C#N)cc(C(=O)O)c1C,12.75315732515183,2.9459252093046135
220,726253,N#Cc1cc(\N=N/c2ccc(C(=O)O)cc2C(=O)O)c(-c2ccccc2)cc1-c1ccccc1,13.472853203930196,1.7487357735079845
221,717977,COc1c(F)cc(\N=N/c2cc(C(=O)O)cc(C(=O)O)c2)cc1C#N,13.673337379821637,3.0343075915084534
222,654641,COc1cc(C(=O)O)ccc1\N=N/c1ccc(-c2ccccc2)c(F)c1F,10.93235566374999,3.363265294233928
223,1050335,COc1ccc(-c2ccccc2)c(\N=N/c2c(C)cc(F)cc2C(=O)O)c1,14.266071295659719,-1.418145391306228
224,780695,COc1ccc(OC)c(OC)c1\N=N/c1ccc(-c2ccccc2)c(C(=O)O)c1,18.583072437925008,3.250365508595395
225,119618,COc1c(C#N)cc(-c2ccccc2)cc1\N=N/c1ccccc1C,14.100804966353392,2.739853848331403
226,68231,COc1cc(\N=N/c2cccc(-c3ccccc3)c2)c(F)cc1C,14.034871047673718,3.375455967641568
227,239734,COc1ccc(\N=N/c2cccc(OC)c2OC)c(C#N)c1C#N,21.764962064138672,5.051755195146943
228,794121,COc1c(F)cc(C#N)cc1\N=N/c1cc(C(=O)O)ccc1-c1ccccc1,18.35879407391868,2.6399610758293695
229,477719,COc1cc(C)ccc1\N=N/c1c(-c2ccccc2)ccc(F)c1-c1ccccc1,12.087934367475912,2.2884179737119066
230,624965,COc1ccc(C(=O)O)c(\N=N/c2ccc(F)c(-c3ccccc3)c2C(=O)O)c1,15.437064192798232,1.6886259575324292
231,908708,COc1cc(C)c(C#N)c(\N=N/c2cc(C)ccc2C(=O)O)c1,21.825227412019313,1.5258750252770883
232,146665,COc1cccc(-c2ccccc2)c1\N=N/c1ccccc1F,11.929021691855702,2.455685985840695
233,333546,COc1cc(-c2ccccc2)ccc1\N=N/c1ccc(C(=O)O)c(C(=O)O)c1C#N,11.57585264141213,4.4780860505508455
234,135817,Cc1cccc(\N=N/c2ccc(C(=O)O)c(C)c2C)c1,13.712550320125898,1.435696695649958
235,896699,Cc1cc(C(=O)O)c(\N=N/c2cccc(C#N)c2C(=O)O)cc1C#N,12.295907678766323,2.5154420546008236
236,251531,COc1cccc(\N=N/c2cc(C#N)cc(C#N)c2OC)c1OC,13.489865601414849,3.9480910819004187
237,83438,N#Cc1cc(\N=N/c2ccccc2-c2ccccc2)ccc1-c1ccccc1,16.508522257602042,-0.741127635993304
238,358781,COc1cc(\N=N/c2cc(C#N)c(C)cc2C)cc(-c2ccccc2)c1,14.341030143736903,0.20906460667457044
239,1266,COc1ccccc1\N=N/c1ccc(OC)c(C)c1F,12.918412777933296,4.118325128415346
240,887599,COc1cc(C)cc(F)c1\N=N/c1cccc(C(=O)O)c1C#N,12.52658657584241,3.437388942361822
241,1018819,COc1c(\N=N/c2ccc(C(=O)O)cc2F)ccc(C#N)c1C,12.266406892022506,3.074770831144377
242,753820,COc1c(-c2ccccc2)ccc(F)c1\N=N/c1cccc(C(=O)O)c1C(=O)O,22.098808393424285,1.0002338685530998
243,1095057,COc1ccc(-c2ccccc2)cc1\N=N/c1cc(F)c(C#N)c(F)c1,12.223347476573588,3.2902028877646896
244,1385,COc1ccccc1\N=N/c1c(OC)ccc(C(=O)O)c1C,16.731590278789582,2.6487775449988145
245,96950,Cc1c(\N=N/c2cccc(C#N)c2)ccc(-c2ccccc2)c1F,13.147524574251362,1.945446438827906
246,370678,COc1ccc(\N=N/c2cc(C(=O)O)cc(OC)c2C(=O)O)cc1-c1ccccc1,11.823930657526537,2.3698614681461905
247,978851,COc1ccc(\N=N/c2cc(F)ccc2C(=O)O)c(C#N)c1C(=O)O,12.912554360367869,7.375248566224901
248,960570,COc1cc(F)c(C)c(\N=N/c2c(C)cccc2C(=O)O)c1,11.270443695688705,1.5053304752258114
249,988322,COc1cc(-c2ccccc2)c(-c2ccccc2)cc1\N=N/c1cccc(C(=O)O)c1F,13.179766498442143,4.5226037775529715
250,30155,COc1ccc(C)c(\N=N/c2ccccc2C(=O)O)c1C(=O)O,11.682039252840141,-0.15102285136732171
251,1075261,COc1ccc(-c2ccccc2)cc1\N=N/c1ccc(C)c(OC)c1C#N,12.887915851608097,3.7398972376098985
252,759627,N#Cc1cc(C#N)c(\N=N/c2cccc(-c3ccccc3)c2C(=O)O)cc1F,11.95865653240215,-0.11360728008176092
253,323833,COc1cc(F)c(\N=N/c2cccc(C(=O)O)c2OC)c(C#N)c1,12.872199392495421,4.528780748230296
254,925778,Cc1ccc(\N=N/c2c(C)cc(F)cc2C(=O)O)cc1C(=O)O,11.590612496661896,3.5572276157760974
255,1076699,COc1cc(-c2ccccc2)ccc1\N=N/c1cc(-c2ccccc2)ccc1F,12.054364805080512,4.5129165460056635
256,146222,Cc1ccccc1\N=N/c1c(F)ccc(C#N)c1F,13.372164379493586,2.593647401416327
257,401551,COc1c(C#N)cccc1\N=N/c1ccc(F)c(C#N)c1C#N,17.664389510644966,8.958131316484366
258,880353,COc1c(C#N)cc(F)cc1\N=N/c1cc(C(=O)O)ccc1C#N,18.287468362853634,7.729050208291462
259,189360,COc1ccc(\N=N/c2c(C)ccc(C#N)c2C)c(OC)c1,13.668683897563032,3.534097989887891
260,999932,N#Cc1cc(F)c(-c2ccccc2)c(\N=N/c2cc(F)cc(C(=O)O)c2)c1,15.116605494452674,3.3520542285145325
261,310897,COc1ccc(C(=O)O)c(\N=N/c2c(F)cc(C(=O)O)cc2F)c1,17.59288903466592,1.7673483195165562
262,179544,Cc1c(C#N)cc(F)cc1\N=N/c1ccccc1,17.327759245048174,1.8237301840261155
263,1142821,COc1c(C)cc(C#N)cc1\N=N/c1cc(-c2ccccc2)ccc1C(=O)O,13.289003345454331,1.6275365338748173
264,954264,Cc1ccc(C(=O)O)cc1\N=N/c1c(C#N)ccc(C(=O)O)c1F,11.08424698071529,3.5069955106162674
265,602099,COc1cc(\N=N/c2cccc(OC)c2F)c(-c2ccccc2)cc1F,13.735217199838237,4.098977876642139
266,439023,COc1ccc(\N=N/c2cc(-c3ccccc3)c(C#N)cc2OC)c(C#N)c1,15.180926267049125,5.054884497473904
267,982915,N#Cc1ccc(\N=N/c2cc(F)ccc2C(=O)O)c(F)c1F,13.575059971320231,2.0295566430695313
268,738319,COc1c(-c2ccccc2)ccc(-c2ccccc2)c1\N=N/c1cc(C(=O)O)ccc1C(=O)O,12.900191439531845,1.799947486349871
269,984133,COc1cc(\N=N/c2c(F)cccc2C(=O)O)c(C#N)c(C(=O)O)c1,13.5714505702515,1.7174971728997481
270,1050602,COc1ccc(-c2ccccc2)c(\N=N/c2cc(C(=O)O)c(-c3ccccc3)cc2F)c1,13.540868981207424,3.1731397694619483
271,1190018,COc1c(C)cc(C(=O)O)cc1\N=N/c1cc(-c2ccccc2)ccc1-c1ccccc1,19.09669045966652,3.8258578119300046
272,248768,COc1cccc(\N=N/c2ccc(C#N)cc2-c2ccccc2)c1OC,134.90823490017766,5.355270309404672
273,444369,COc1ccc(\N=N/c2cc(C#N)c(C(=O)O)cc2C#N)cc1C#N,12.733381006208326,4.096746548026823
274,254421,COc1ccc(C)c(C)c1\N=N/c1cccc(C(=O)O)c1OC,13.205737996016104,2.5962868999022604
275,1056373,COc1cccc(-c2ccccc2)c1\N=N/c1cc(F)cc(C#N)c1OC,20.19464610527188,4.004853904952999
276,1073357,COc1ccc(-c2ccccc2)cc1\N=N/c1cc(-c2ccccc2)c(C(=O)O)cc1C,13.220034111597338,3.9625675065723773
277,62998,COc1cc(F)cc(\N=N/c2ccccc2-c2ccccc2)c1C(=O)O,12.373942485652732,2.026073593527143
278,309579,COc1ccc(C(=O)O)c(\N=N/c2c(C#N)ccc(-c3ccccc3)c2F)c1,14.509523399864465,3.243481043474843
279,336312,COc1ccc(-c2ccccc2)cc1\N=N/c1c(OC)ccc(OC)c1-c1ccccc1,15.96447569606617,2.79090229322628
280,454048,COc1ccc(C#N)c(\N=N/c2cc(C(=O)O)cc(-c3ccccc3)c2C#N)c1,12.551535668653532,2.0139645540961015
281,610581,COc1c(F)cccc1\N=N/c1ccc(-c2ccccc2)c(C(=O)O)c1C(=O)O,13.552076641320136,2.9159655409510448
282,526557,COc1ccc(C)c(\N=N/c2cc(C)c(OC)c(F)c2)c1,13.66460708690781,2.8736791425642347
283,586574,COc1cc(\N=N/c2ccc(OC)c(F)c2)c(C(=O)O)c(C(=O)O)c1,18.097110291998522,2.189668076845126
284,408080,COc1ccc(C#N)cc1\N=N/c1ccc(-c2ccccc2)cc1F,16.421949481442173,4.50186874822709
285,759909,COc1cc(C)c(C(=O)O)c(\N=N/c2cccc(-c3ccccc3)c2C(=O)O)c1,14.932126691303427,-2.5598509362987563
286,1058978,COc1cc(C)c(F)c(\N=N/c2cccc(-c3ccccc3)c2OC)c1,13.323160164318905,-2.225940772495434
287,45402,COc1c(C(=O)O)ccc(C#N)c1\N=N/c1cccc(C(=O)O)c1,13.643214386012787,3.82158563396779
288,289176,COc1ccc(C(=O)O)c(\N=N/c2cc(OC)cc(-c3ccccc3)c2OC)c1,11.750547928735985,-0.4185101718921629
289,885137,COc1cc(-c2ccccc2)c(\N=N/c2cccc(C(=O)O)c2C#N)cc1C,13.950565493943891,5.419135288167631
290,1182577,Cc1ccc(\N=N/c2cccc(-c3ccccc3)c2-c2ccccc2)c(C(=O)O)c1C#N,13.278449393117057,3.9173422851332105
291,600070,COc1cc(\N=N/c2cccc(OC)c2F)c(OC)c(OC)c1,12.97759441775745,5.411624962586636
292,860621,N#Cc1cc(\N=N/c2ccc(F)c(F)c2F)cc(C(=O)O)c1,13.445651613024577,3.6816922143556403
293,129950,COc1ccc(-c2ccccc2)c(C#N)c1\N=N/c1ccc(C)cc1,12.73764533639382,2.9849734600602686
294,163542,COc1cc(C)cc(-c2ccccc2)c1\N=N/c1cccc(F)c1,14.117952217357187,3.6161401334673964
295,369312,COc1ccc(\N=N/c2cc(F)c(F)c(F)c2)c(-c2ccccc2)c1,14.990168091233889,5.283949427709721
296,339481,COc1ccc(-c2ccccc2)cc1\N=N/c1cc(C)cc(C)c1C#N,13.294273728718032,3.667787227501308
297,954899,Cc1c(\N=N/c2cccc(-c3ccccc3)c2F)cccc1C(=O)O,20.51564768419788,2.953925338726637
298,161298,Fc1cccc(\N=N/c2cc(-c3ccccc3)ccc2-c2ccccc2)c1,14.37421293960366,3.288243672394389
299,95755,N#Cc1cccc(\N=N/c2c(C#N)cc(C(=O)O)cc2-c2ccccc2)c1,13.858780691719405,3.7047402062672488
300,1078051,COc1cc(-c2ccccc2)ccc1\N=N/c1c(F)cc(C(=O)O)cc1-c1ccccc1,20.301065201668134,5.263622568248269
301,156103,COc1cc(F)cc(\N=N/c2cccc(F)c2)c1F,12.142897396288195,1.1515016218440293
302,533945,COc1cccc(C)c1\N=N/c1ccc(OC)c(C(=O)O)c1C,18.82297445964102,-0.7639035146660839
303,160154,Cc1cc(-c2ccccc2)cc(\N=N/c2ccc(F)cc2)c1C,13.933307418999016,2.6563422932226253
304,505886,COc1ccc(C)c(\N=N/c2cc(-c3ccccc3)cc(OC)c2-c2ccccc2)c1,13.166490211638447,2.821977625887507
305,522258,COc1ccc(\N=N/c2ccc(OC)c(F)c2C)c(C)c1,13.014140339968863,4.0243100020242135
306,560603,COc1cccc(F)c1\N=N/c1cc(C#N)cc(F)c1C,12.386483442703549,2.1905932618781794
307,724229,COc1ccc(C#N)c(C#N)c1\N=N/c1ccc(C(=O)O)cc1C(=O)O,13.827642331467413,3.2290318301304795
308,406911,COc1cc(C#N)ccc1\N=N/c1ccc(C)c(OC)c1C,12.440514106663155,2.910441642061758
309,1168056,N#Cc1c(\N=N/c2cccc(-c3ccccc3)c2C(=O)O)cc(F)cc1-c1ccccc1,13.445760392612039,1.7644911304407978
310,287890,COc1ccc(C(=O)O)c(\N=N/c2ccc(-c3ccccc3)c(C(=O)O)c2OC)c1,14.014539056360805,3.3916194944388107
311,524729,COc1ccc(C)c(\N=N/c2c(C)ccc(C#N)c2C(=O)O)c1,15.516914260501062,2.5759872517684044
312,28667,COc1ccccc1\N=N/c1ccc(C(=O)O)c(OC)c1F,10.81324104998106,3.3682721779545917
313,879822,N#Cc1ccc(C(=O)O)cc1\N=N/c1ccc(C(=O)O)c(F)c1,12.411619600027729,2.0547543296260447
314,691289,COc1ccc(C(=O)O)c(OC)c1\N=N/c1ccc(C(=O)O)cc1C(=O)O,13.44621378820353,4.094460796762504
315,922715,COc1c(C#N)ccc(C)c1\N=N/c1ccc(C)c(C(=O)O)c1,13.763685481773146,2.9679935935341657
316,62755,COc1cc(C)c(F)cc1\N=N/c1ccccc1-c1ccccc1,14.406391480386441,5.085524448936919
317,784370,COc1ccc(C)c(\N=N/c2ccc(-c3ccccc3)c(C(=O)O)c2)c1F,12.410811798267705,1.5517802062706425
318,730853,N#Cc1cc(C(=O)O)cc(C(=O)O)c1\N=N/c1ccc(C(=O)O)c(C(=O)O)c1,16.26919871806526,3.0341987462042597
319,384450,COc1cc(\N=N/c2cccc(OC)c2-c2ccccc2)cc(-c2ccccc2)c1C(=O)O,12.53392495478587,2.7433096865523834
320,985875,COc1c(C#N)ccc(C#N)c1\N=N/c1c(F)cccc1C(=O)O,19.374972803228804,6.481710301311602
321,292482,COc1ccc(\N=N/c2ccc(OC)c(F)c2)c(C(=O)O)c1,13.550313843120932,3.8457220788718356
322,361346,COc1ccc(-c2ccccc2)c(\N=N/c2cc(C#N)cc(C(=O)O)c2C)c1,13.647601575616214,3.082988651162413
323,1038603,COc1c(F)cc(\N=N/c2cccc(F)c2C(=O)O)cc1F,13.60221464940449,2.4804755025265917
324,662465,COc1cc(C)c(\N=N/c2ccc(C(=O)O)cc2OC)cc1C#N,15.680705191562994,3.4091707987887276
325,58949,N#Cc1ccc(\N=N/c2ccccc2-c2ccccc2)c(-c2ccccc2)c1,13.001607853925544,2.529809633974776
326,546795,COc1ccc(C)c(F)c1\N=N/c1cccc(F)c1OC,14.22217276686784,3.6302900222453363
327,923070,COc1c(C(=O)O)ccc(C#N)c1\N=N/c1ccc(C)c(C(=O)O)c1,11.671156678475064,2.275002790698603
328,973677,O=C(O)c1cc(F)ccc1\N=N/c1cccc(F)c1-c1ccccc1,16.974409809170528,3.158364020223566
329,716851,N#Cc1cc(C#N)c(C(=O)O)cc1\N=N/c1cc(C(=O)O)cc(C(=O)O)c1,2.5770419362616965,-25.177305269972837
330,97451,N#Cc1cccc(\N=N/c2cc(C#N)cc(C#N)c2F)c1,15.014435350394285,3.1956163235559303
331,558292,COc1cccc(F)c1\N=N/c1cc(C(=O)O)c(C)c(C(=O)O)c1,13.967606220217455,3.273141387255801
332,529760,COc1cccc(\N=N/c2c(C)cc(F)cc2C(=O)O)c1C,11.810890407871824,1.2731090313478135
333,606041,COc1cc(C(=O)O)cc(C)c1\N=N/c1c(F)cccc1OC,11.792332885120883,3.218691526795134
334,159244,Cc1cc(-c2ccccc2)c(C#N)cc1\N=N/c1ccc(F)cc1,13.686150579814802,3.089818693627775
335,471456,COc1c(C)cccc1\N=N/c1ccc(F)c(OC)c1C(=O)O,13.031221922715368,2.0059372133464834
336,741186,Cc1ccc(\N=N/c2cc(C(=O)O)ccc2C(=O)O)c(-c2ccccc2)c1C(=O)O,12.779021951592025,4.8761060950469215
337,107995,N#Cc1ccccc1\N=N/c1cccc(F)c1C(=O)O,15.162684132041553,1.4241590940365432
338,256188,COc1c(\N=N/c2c(C#N)cc(C(=O)O)cc2C#N)cccc1C(=O)O,11.891653967851267,8.6216360768503
339,330323,COc1c(\N=N/c2c(C)cc(-c3ccccc3)cc2F)cccc1-c1ccccc1,13.14400985787911,3.8865662770507816
340,879952,COc1c(C#N)ccc(\N=N/c2cc(C(=O)O)ccc2C#N)c1OC,12.83503804500434,2.668669023255866
341,941152,COc1ccc(\N=N/c2ccc(C(=O)O)c(C)c2)c(OC)c1C#N,12.771850214069437,3.6006841011133814
342,5617,COc1cccc(\N=N/c2cc(C(=O)O)c(C(=O)O)cc2OC)c1,12.382091703534817,2.397753075831453
343,862558,COc1ccc(-c2ccccc2)c(C)c1\N=N/c1cc(C(=O)O)ccc1C#N,12.884778616926251,3.453525257837657
344,484725,COc1ccc(C)cc1\N=N/c1cc(F)cc(C)c1F,12.830098368792605,3.552628901919864
345,199821,COc1cccc(OC)c1\N=N/c1cc(F)c(C)cc1F,14.283143307334917,5.4180468351875675
346,537317,COc1cccc(C)c1\N=N/c1cc(F)cc(C)c1C,19.785161507034065,0.9791995146607948
347,75023,N#Cc1cc(C(=O)O)c(\N=N/c2cccc(-c3ccccc3)c2)cc1C(=O)O,14.601008788149377,1.8213627987851981
348,156539,N#Cc1ccc(C#N)c(\N=N/c2ccc(F)cc2)c1,14.499801753686446,3.5617719069771407
349,765753,N#Cc1cc(-c2ccccc2)c(\N=N/c2ccc(-c3ccccc3)cc2C(=O)O)cc1F,11.485617839387253,3.1668539534866174
350,438535,COc1ccc(\N=N/c2ccc(F)c(C(=O)O)c2OC)c(C#N)c1,13.285710473617616,4.818282030329499
351,952846,Cc1ccc(C(=O)O)cc1\N=N/c1cc(C)c(C(=O)O)cc1C#N,13.166581713785629,1.882778758343016
352,1066016,COc1ccc(\N=N/c2c(C)ccc(-c3ccccc3)c2C(=O)O)cc1-c1ccccc1,12.082704561020806,1.7149665197180086
353,312087,COc1cccc(\N=N/c2c(C#N)ccc(C(=O)O)c2OC)c1C(=O)O,15.460401404038107,5.1094159919111695
354,506469,COc1ccc(C)c(\N=N/c2cc(C(=O)O)c(F)cc2-c2ccccc2)c1,12.77590878111809,2.2802273650152785
355,40942,Cc1cc(C(=O)O)c(\N=N/c2ccc(C(=O)O)cc2)c(C(=O)O)c1,12.025090535813995,3.1181728938326576
356,752892,COc1ccc(\N=N/c2cccc(C(=O)O)c2C(=O)O)c(F)c1C(=O)O,18.549963993791117,1.7273476724002526
357,835956,COc1c(C)ccc(\N=N/c2ccc(C#N)cc2C(=O)O)c1C#N,11.267840483858581,2.5883411931292404
358,105652,N#Cc1cccc(\N=N/c2ccc(C#N)c(C#N)c2-c2ccccc2)c1,14.412074027866469,3.5628603599633903
359,254381,COc1ccc(-c2ccccc2)c(C)c1\N=N/c1cccc(C(=O)O)c1OC,17.281213614136064,2.521428546009731
360,43197,COc1ccc(\N=N/c2ccc(C(=O)O)cc2)c(C)c1F,12.263317209048457,2.6078517128432703
361,683476,COc1cccc(\N=N/c2cc(C#N)cc(-c3ccccc3)c2C(=O)O)c1C(=O)O,10.342708974955219,-1.5256029120320727
362,959480,Cc1c(\N=N/c2ccc(F)c(F)c2F)cccc1C(=O)O,18.024434647474102,2.6186818200196442
363,522718,COc1ccc(\N=N/c2ccc(F)c(-c3ccccc3)c2F)c(C)c1,14.785579448847344,4.83705784428508
364,665331,COc1cc(C(=O)O)ccc1\N=N/c1c(C)ccc(C#N)c1C#N,15.833446553981348,3.3509657755282825
365,341375,COc1cc(C)c(OC)c(\N=N/c2c(OC)cccc2-c2ccccc2)c1,15.706656586012128,3.8571780465086523
366,186229,COc1ccc(\N=N/c2c(OC)ccc(-c3ccccc3)c2C#N)c(OC)c1,13.604416622267964,5.010829362991399
367,378018,COc1ccc(\N=N/c2cc(C)cc(OC)c2C)c(-c2ccccc2)c1,13.654056352622698,4.372315631950285
368,1058905,COc1c(\N=N/c2c(C(=O)O)ccc(F)c2OC)cccc1-c1ccccc1,12.923864549740635,0.9667639393357347
369,1059340,COc1c(\N=N/c2c(C)ccc(C(=O)O)c2-c2ccccc2)cccc1-c1ccccc1,13.446770146622303,3.370530717897503
370,6298,COc1cccc(\N=N/c2c(F)cc(OC)cc2C(=O)O)c1,12.234589236056895,1.8060700343781924
371,65195,Cc1c(C(=O)O)ccc(-c2ccccc2)c1\N=N/c1cccc(-c2ccccc2)c1,13.945766150270996,0.6729360566253143
372,224116,COc1ccc(\N=N/c2ccc(F)c(OC)c2F)c(OC)c1,16.56726182095495,5.932368080887967
373,209521,COc1ccc(\N=N/c2cc(F)cc(C)c2C)cc1OC,13.810466232754475,2.970877993937519
374,1013205,O=C(O)c1ccc(\N=N/c2c(-c3ccccc3)ccc(-c3ccccc3)c2-c2ccccc2)cc1F,10.764970974929001,-0.4720348473197765
375,880830,Cc1ccc(C(=O)O)c(\N=N/c2cc(C(=O)O)ccc2C#N)c1C(=O)O,19.931055802134463,2.5662183862506853
376,54791,COc1cc(C#N)c(-c2ccccc2)c(\N=N/c2ccccc2C(=O)O)c1,16.50094878628638,3.4428312072806975
377,500891,COc1cc(C)cc(\N=N/c2ccc(C#N)c(C)c2C(=O)O)c1,11.250744915566475,0.5342671466126415
378,468696,COc1c(C#N)cccc1\N=N/c1ccc(C)c(C#N)c1C(=O)O,13.335764513098953,1.617713245701908
379,714691,COc1cc(C#N)c(C(=O)O)cc1\N=N/c1cc(C(=O)O)cc(C(=O)O)c1,13.446090384969127,2.420773856415466
380,468775,COc1c(C#N)cccc1\N=N/c1c(F)ccc(C)c1C#N,14.229824826234916,3.326040202222972
381,1162943,COc1cc(F)c(-c2ccccc2)c(\N=N/c2cc(-c3ccccc3)ccc2C(=O)O)c1,13.074269122039581,2.059053718909667
382,1180116,COc1ccc(F)c(\N=N/c2cccc(-c3ccccc3)c2-c2ccccc2)c1OC,14.960954635577542,4.696048760359084
383,786356,Cc1cc(C(=O)O)cc(C(=O)O)c1\N=N/c1cc(C(=O)O)cc(-c2ccccc2)c1,23.104027248199127,2.6522333832197944
384,978527,Cc1ccc(C#N)c(\N=N/c2cc(F)ccc2C(=O)O)c1,13.283760592022583,2.432991741156888
385,119749,Cc1ccccc1\N=N/c1cc(C(=O)O)c(C)cc1-c1ccccc1,26.017883225564727,2.1139661718899543
386,174185,Cc1c(\N=N/c2ccccc2F)ccc(F)c1C#N,15.83495790000206,2.569510956518469
387,98533,COc1cc(C(=O)O)cc(\N=N/c2ccc(C#N)cc2)c1F,13.788470435526678,3.0360763276041487
388,128037,COc1ccc(\N=N/c2ccc(C)cc2)c(C)c1OC,14.103037208543943,3.101029759353358
389,198926,COc1cccc(OC)c1\N=N/c1ccc(C)c(-c2ccccc2)c1C#N,14.749154320200118,5.5223478422650425
390,364174,COc1ccc(-c2ccccc2)c(\N=N/c2c(C#N)cc(F)cc2C(=O)O)c1,14.046978239053358,0.8334556602591521
391,463165,COc1cccc(C#N)c1\N=N/c1cc(-c2ccccc2)cc(C)c1OC,17.948919675175393,3.2283515470148463
392,313063,COc1cccc(\N=N/c2c(C(=O)O)ccc(C#N)c2C#N)c1C(=O)O,12.637743571239104,0.12489997977775502
393,1089348,COc1cc(-c2ccccc2)ccc1\N=N/c1cc(C)c(C(=O)O)c(C(=O)O)c1,16.715253241785994,4.360288226489655
394,1018838,Cc1c(\N=N/c2ccc(C(=O)O)cc2F)cc(C#N)cc1C(=O)O,15.456176549545672,1.7677020667381702
395,473857,COc1c(C)cccc1\N=N/c1cc(C(=O)O)c(C(=O)O)cc1C,12.949646617235476,2.796154078864364
396,394727,COc1cc(C(=O)O)cc(C)c1\N=N/c1cccc(-c2ccccc2)c1OC,11.93686814000584,-1.1412157411514998
397,499585,COc1cc(C)cc(\N=N/c2c(C)cccc2F)c1,11.39961065757564,1.120752825070634
398,740018,Cc1cc(C#N)cc(\N=N/c2cc(C(=O)O)ccc2C(=O)O)c1-c1ccccc1,13.589102296248853,1.0141116440860238
399,21379,COc1ccccc1\N=N/c1cc(C(=O)O)c(C)cc1C(=O)O,13.807912386373149,1.3932470293223258
400,48664,Cc1ccc(\N=N/c2cccc(C(=O)O)c2)c(F)c1C#N,14.776776066606269,3.241304137514717
401,571266,COc1cc(F)cc(\N=N/c2cccc(-c3ccccc3)c2C)c1,15.014682170463002,1.1716924246736922
402,645410,COc1cc(\N=N/c2ccc(-c3ccccc3)c(C#N)c2-c2ccccc2)cc(C(=O)O)c1,12.820697156609164,3.3480813751249285
403,933307,Cc1ccc(C(=O)O)cc1\N=N/c1c(-c2ccccc2)ccc(C(=O)O)c1C#N,13.17500303475294,3.4874033569256393
404,1047462,COc1ccc(\N=N/c2cc(C)c(-c3ccccc3)c(C)c2)c(-c2ccccc2)c1,18.69757974373431,3.1729492901873435
405,599819,COc1cccc(\N=N/c2cccc(C#N)c2-c2ccccc2)c1F,14.292573227162206,1.8490095045468529
406,48769,Cc1cc(F)c(\N=N/c2cccc(C(=O)O)c2)cc1C,14.30873311058717,3.5299346572298695
407,877735,N#Cc1cc(C(=O)O)ccc1\N=N/c1c(C(=O)O)ccc(C#N)c1C#N,13.48366797458632,2.479849642059962
408,1069963,COc1cc(\N=N/c2cc(C#N)c(C(=O)O)cc2-c2ccccc2)cc(-c2ccccc2)c1,12.801620348281622,3.0404845621857777
409,485212,COc1cccc(C)c1\N=N/c1cccc(F)c1F,11.486119914198358,3.2894137593572372
410,252092,COc1cccc(\N=N/c2c(C)cc(C)cc2C(=O)O)c1OC,13.000412142851989,3.819191037411652
411,928767,Cc1cc(\N=N/c2cc(F)c(-c3ccccc3)c(-c3ccccc3)c2)cc(C(=O)O)c1,12.618398518786863,1.8904523518710203
412,473130,COc1ccc(C#N)c(C(=O)O)c1\N=N/c1cccc(C)c1OC,14.096299475350794,1.6773876804854384
413,986626,Cc1c(\N=N/c2c(F)cccc2C(=O)O)ccc(C(=O)O)c1C#N,13.302041709683989,1.8391862163801307
414,206449,COc1ccc(\N=N/c2cc(C(=O)O)cc(C#N)c2C(=O)O)cc1OC,12.488498009332526,2.2242536703763363
415,380860,COc1ccc(-c2ccccc2)c(\N=N/c2c(C(=O)O)ccc(C#N)c2F)c1,17.019955464740388,1.5001059009091355
416,1083991,COc1cc(\N=N/c2ccc(C(=O)O)c(C#N)c2C#N)ccc1-c1ccccc1,11.427681890378457,2.3202008008101744
417,111784,COc1c(F)cc(C(=O)O)cc1\N=N/c1ccccc1C#N,14.004672415327425,3.539050450959551
418,1123523,Cc1ccc(\N=N/c2c(C(=O)O)cccc2-c2ccccc2)c(C)c1,12.603160545783183,0.1894996643053502
419,514930,COc1ccc(\N=N/c2c(F)ccc(C(=O)O)c2C(=O)O)cc1C,14.291866887551159,5.557668141560889
420,708323,Cc1cc(\N=N/c2cccc(C(=O)O)c2C(=O)O)c(F)c(C(=O)O)c1,12.781152897430895,-1.5743928169902257
421,31256,Cc1c(F)ccc(C(=O)O)c1\N=N/c1ccccc1C(=O)O,13.910942927347723,1.527915874623987
422,1129709,Cc1c(\N=N/c2cccc(-c3ccccc3)c2C(=O)O)cc(F)cc1C(=O)O,14.508838767169317,3.324924537915314
423,763193,COc1cc(OC)c(-c2ccccc2)cc1\N=N/c1ccc(-c2ccccc2)cc1C(=O)O,15.249565984744446,2.5069521213377723
424,146397,Cc1ccccc1\N=N/c1c(-c2ccccc2)ccc(F)c1F,13.477877282901607,3.097900457026397
425,732015,Cc1ccc(C)c(\N=N/c2ccc(C(=O)O)c(C(=O)O)c2)c1F,13.498792727291336,1.2042099575304086
426,669202,COc1ccc(C(=O)O)cc1\N=N/c1cc(C#N)c(-c2ccccc2)c(C(=O)O)c1,11.886855789497293,2.928156214358684
427,233196,COc1ccc(\N=N/c2c(F)ccc(C)c2F)c(OC)c1,12.611961787873584,6.696734188067484
428,538632,COc1cc(F)c(F)cc1\N=N/c1cccc(C)c1OC,13.8853204630073,2.581919320522121
429,130576,Cc1ccc(\N=N/c2c(C(=O)O)ccc(C)c2C(=O)O)cc1,14.299859321573607,0.02125204449450478
430,96188,Cc1c(F)ccc(C#N)c1\N=N/c1cccc(C#N)c1,13.342065085089514,0.6078193569290956
431,663028,COc1cc(C(=O)O)ccc1\N=N/c1cc(C(=O)O)cc(-c2ccccc2)c1-c1ccccc1,12.561785529927317,3.31259780788826
432,357490,COc1cc(\N=N/c2cc(-c3ccccc3)cc(F)c2C)cc(-c2ccccc2)c1,13.342295378935281,-0.20302369261666026
433,423630,COc1cc(\N=N/c2c(OC)ccc(C(=O)O)c2C(=O)O)ccc1C#N,13.119477622493463,4.373648986853956
434,543009,COc1ccc(\N=N/c2cccc(F)c2OC)c(-c2ccccc2)c1-c1ccccc1,17.48766761507438,1.8657716804831306
435,1115139,COc1ccc(F)c(\N=N/c2ccc(C(=O)O)cc2-c2ccccc2)c1C(=O)O,13.420118517703273,2.5266259089988115
436,1186127,Cc1c(-c2ccccc2)cc(\N=N/c2ccc(-c3ccccc3)cc2-c2ccccc2)cc1-c1ccccc1,11.7543814565211,4.027058345808153
437,1029751,O=C(O)c1cc(F)c(F)c(\N=N/c2cccc(C(=O)O)c2F)c1,13.329302374181564,4.459772829121071
438,241435,COc1cccc(\N=N/c2cc(C)c(F)c(-c3ccccc3)c2)c1OC,13.524939572711345,1.7218237735109658
439,243301,COc1cccc(\N=N/c2ccc(F)c(C#N)c2C(=O)O)c1OC,13.528710524381387,0.20449310414593225
440,611948,COc1c(F)cccc1\N=N/c1cc(C#N)c(C(=O)O)c(C#N)c1,13.478417799543724,3.3969801253810883
441,864392,COc1ccc(C)c(C)c1\N=N/c1cc(C(=O)O)ccc1C#N,13.336063312447568,3.144486244690642
442,1169561,N#Cc1cc(F)c(-c2ccccc2)c(\N=N/c2cccc(-c3ccccc3)c2C(=O)O)c1,14.836317534038411,-1.2983883518685508
443,298414,COc1ccc(\N=N/c2cc(C(=O)O)c(-c3ccccc3)cc2-c2ccccc2)cc1C(=O)O,19.89819262502014,0.1407913933237953
444,79899,N#Cc1cc(\N=N/c2ccccc2-c2ccccc2)c(C(=O)O)c(C(=O)O)c1,14.386061986714164,2.577538297268087
445,1066239,COc1ccc(\N=N/c2cc(-c3ccccc3)cc(C#N)c2C)cc1-c1ccccc1,14.248733292034588,3.2615221516657877
446,241962,COc1ccc(C#N)c(C)c1\N=N/c1cccc(OC)c1OC,12.122759982653632,1.6342577310421733
447,712831,Cc1cc(C#N)c(C(=O)O)c(\N=N/c2ccc(C(=O)O)c(C(=O)O)c2)c1,14.781867795388974,3.069954426692131
448,860139,N#Cc1cc(\N=N/c2c(F)ccc(C(=O)O)c2F)cc(C(=O)O)c1,14.493322623168662,1.717796497472359
449,1053702,COc1cc(C)c(OC)c(\N=N/c2c(OC)cccc2-c2ccccc2)c1,13.351526816938444,4.2716609423622085
450,607471,COc1cc(\N=N/c2c(F)cccc2OC)c(C#N)cc1C,17.58542009988782,5.100762790701109
451,1157028,COc1c(C#N)ccc(\N=N/c2ccc(-c3ccccc3)cc2C(=O)O)c1C(=O)O,10.565834475980331,2.179463830129195
452,499482,COc1cc(C)cc(\N=N/c2ccc(C#N)c(C)c2)c1,14.394919308196798,1.4450029686542436
453,665013,COc1cc(C(=O)O)ccc1\N=N/c1ccc(OC)c(C(=O)O)c1C,12.965934862689744,3.8361436926225343
454,368652,COc1ccc(\N=N/c2cc(F)c(OC)c(-c3ccccc3)c2)c(-c2ccccc2)c1,22.582997243943584,4.294899413548421
455,261501,COc1cc(C(=O)O)ccc1\N=N/c1c(F)cc(C#N)cc1-c1ccccc1,16.8067837082814,-0.4018024186048883
456,663938,COc1cc(C(=O)O)ccc1\N=N/c1c(OC)cc(C)cc1-c1ccccc1,18.529759547377743,2.9598029848313505
457,545032,COc1c(F)cccc1\N=N/c1ccc(C(=O)O)c(C(=O)O)c1C#N,10.157629588123298,2.867338903946088
458,435314,COc1ccc(C#N)c(\N=N/c2ccc(C)c(C(=O)O)c2OC)c1,11.467536233610248,1.1591480040444386
459,92764,COc1cc(F)c(F)cc1\N=N/c1ccccc1C#N,15.728975594266158,4.589380368046879
460,26189,COc1ccccc1\N=N/c1c(C#N)ccc(C#N)c1C(=O)O,12.087823326190769,4.378465391306202
461,759701,Cc1c(-c2ccccc2)ccc(C#N)c1\N=N/c1cccc(-c2ccccc2)c1C(=O)O,12.270154487191864,3.660902762386943
462,210189,COc1cc(\N=N/c2cc(F)ccc2F)cc(OC)c1,14.754450789623085,2.378868416584053
463,211796,COc1cc(\N=N/c2c(C(=O)O)cc(-c3ccccc3)cc2C(=O)O)cc(OC)c1,9.191010440166986,1.2472582730032624
464,1017362,N#Cc1c(F)ccc(\N=N/c2ccc(C(=O)O)cc2F)c1C(=O)O,15.93306513940889,3.1574932578333286
465,12234,COc1ccc(\N=N/c2cc(C#N)cc(-c3ccccc3)c2C#N)cc1,13.619824845641997,4.153971963599025
466,797662,COc1cc(C#N)cc(\N=N/c2ccc(C(=O)O)cc2-c2ccccc2)c1F,13.575448956734732,4.1534821597518095
467,449172,COc1ccc(\N=N/c2ccc(C#N)c(C#N)c2C(=O)O)c(C#N)c1,12.447194278090997,3.591296194132497
468,430093,COc1cc(C#N)cc(\N=N/c2ccc(C#N)c(-c3ccccc3)c2C)c1,13.963848923721288,1.078738539935027
469,276880,COc1ccc(F)c(\N=N/c2cccc(OC)c2C(=O)O)c1C#N,14.367816958284038,2.1481163842229525
470,37459,N#Cc1cc(F)c(\N=N/c2cccc(C(=O)O)c2)cc1C#N,11.186012441002335,1.3150688938344173
471,1135749,N#Cc1cc(F)cc(\N=N/c2ccc(C(=O)O)c(-c3ccccc3)c2)c1C(=O)O,14.206600542425123,0.7649919676399596
472,535578,COc1cccc(C)c1\N=N/c1ccc(C#N)c(-c2ccccc2)c1C(=O)O,13.95524991231509,5.199022883720674
473,925427,Cc1cc(C(=O)O)c(\N=N/c2ccc(C)c(C(=O)O)c2)c(-c2ccccc2)c1,12.292990737921674,0.29105232760507305
474,830984,COc1cc(\N=N/c2cccc(C#N)c2C(=O)O)c(C)c(C(=O)O)c1,12.443964045861314,-0.7829514418604935
475,42377,Cc1c(C(=O)O)ccc(\N=N/c2ccc(C(=O)O)cc2)c1C#N,12.356397125427026,1.977310899896585
476,828531,COc1ccc(C)c(\N=N/c2cccc(C#N)c2C(=O)O)c1C#N,11.920992708296437,2.7307108432803138
477,434238,COc1ccc(C#N)c(\N=N/c2cc(-c3ccccc3)cc(C#N)c2C(=O)O)c1,12.393976370631233,2.634056218403248
478,282022,COc1cc(\N=N/c2ccc(F)c(OC)c2C#N)ccc1C(=O)O,12.062133943059083,3.793367490394696
479,1001545,Cc1ccc(F)c(-c2ccccc2)c1\N=N/c1cc(F)cc(C(=O)O)c1,12.09264802043208,-0.16879184630706398
480,780169,COc1c(\N=N/c2cccc(C(=O)O)c2-c2ccccc2)ccc(F)c1F,18.516540533840466,3.669964133467621
481,49638,COc1cc(C(=O)O)cc(\N=N/c2ccccc2C(=O)O)c1C(=O)O,11.606013532717911,1.3561035712817806
482,454529,COc1ccc(C#N)c(\N=N/c2c(C(=O)O)ccc(OC)c2C)c1,11.934068284167132,2.106074887765937
483,159368,Cc1cc(C#N)cc(\N=N/c2ccc(F)cc2)c1C#N,14.78829942306346,3.492845621838328
484,947858,Cc1cc(C(=O)O)ccc1\N=N/c1cc(-c2ccccc2)cc(C(=O)O)c1F,13.008413471425017,2.4883667866506087
485,755787,Cc1cc(F)c(-c2ccccc2)cc1\N=N/c1cccc(C(=O)O)c1C(=O)O,13.230353923749645,1.529494131445078
486,722704,COc1c(\N=N/c2cc(C(=O)O)ccc2C(=O)O)ccc(F)c1-c1ccccc1,12.697021100491025,2.5694021112204624
487,51639,O=C(O)c1ccccc1\N=N/c1c(-c2ccccc2)ccc(F)c1F,15.891992363455689,3.2686787300251687
488,885421,COc1c(C(=O)O)ccc(\N=N/c2cccc(C(=O)O)c2C#N)c1C,13.3941508625418,2.2793838139526366
489,282568,COc1cc(\N=N/c2cc(-c3ccccc3)cc(-c3ccccc3)c2)cc(C(=O)O)c1,12.091372281942176,1.5196164206293528
490,898547,Cc1cccc(\N=N/c2cccc(C#N)c2F)c1C(=O)O,12.22061725309976,4.177455336702658
491,740285,COc1ccc(C#N)c(C)c1\N=N/c1cc(C(=O)O)ccc1C(=O)O,14.7016151957509,2.203872388272069
492,1068948,COc1cc(\N=N/c2ccc(C(=O)O)c(C)c2F)cc(-c2ccccc2)c1,13.271943008880836,2.5990896663290157
493,163464,N#Cc1ccc(-c2ccccc2)c(\N=N/c2cccc(F)c2)c1-c1ccccc1,14.948238220424958,0.4984842548033621
494,983448,COc1cc(F)cc(\N=N/c2c(F)cccc2C(=O)O)c1OC,15.56925739041014,9.201128444895922
495,1148033,COc1c(\N=N/c2ccc(-c3ccccc3)cc2C(=O)O)ccc(C(=O)O)c1C#N,13.511778229987819,2.0476249625942584
496,399489,COc1cc(-c2ccccc2)cc(\N=N/c2cccc(C#N)c2OC)c1C(=O)O,8.577969500236305,-7.210347939330842
497,453394,COc1ccc(C#N)c(\N=N/c2c(-c3ccccc3)ccc(-c3ccccc3)c2C)c1,12.654922063180479,1.3333276926151878
498,944119,Cc1cc(\N=N/c2ccc(C)c(C(=O)O)c2C(=O)O)ccc1C(=O)O,15.553183597197753,-3.5731190293221378
499,58108,COc1cc(\N=N/c2ccccc2C(=O)O)cc(F)c1C(=O)O,14.86833390140699,1.338987648130076
