,train_mean,train_eiso,train_riso,train_vert,valid_mean,valid_eiso,valid_riso,valid_vert
0,3.5462188386193136,9.082209482280701,1.4599704918979608,0.09647654167927762,1.9187277344971596,4.1831227506139985,1.48214469295178,0.09091575992570008
1,3.5204957440832527,9.018976283086278,1.4470480806312513,0.09546286853222831,1.855634604609576,4.002170242725284,1.4752419772127134,0.08949159389072996
2,3.4980265622837994,8.963763419704993,1.4358156126977688,0.09450065444863572,1.7976535776368856,3.835053562229771,1.469802631209629,0.08810453947125628
3,3.478864436668315,8.917195176504944,1.425702936946192,0.09369519655380946,1.7461511634749576,3.686041364156653,1.4655012474708444,0.0869108787973745
4,3.4600475848100074,8.868703409679592,1.4184733266797156,0.09296601807071522,1.6898712000581602,3.5209227270176897,1.4628931133186842,0.08579775983810692
5,3.4451886625014922,8.831340949829999,1.411910702991172,0.09231433468330627,1.6436218251698527,3.385109591936592,1.4609860590185824,0.08476982455438321
6,3.433200815832538,8.801603109758574,1.4062299727146599,0.09176936502438009,1.604660903678879,3.270277471404367,1.4598258695996695,0.08387937003259978
7,3.4214912022865835,8.771570825577024,1.4015954718205348,0.09130730946219176,1.5629501251139937,3.1463981898054656,1.4593566431689997,0.08309554236751533
8,3.4129901116425096,8.74995513879618,1.3981275270356872,0.090887669095663,1.530942759869964,3.051069121665133,1.4594061931748785,0.0823529647698809
9,3.405183409157718,8.729553944894496,1.3954560305525276,0.09054025202613121,1.4987087181132497,2.9546386110070473,1.459778971450338,0.08170857188236319
10,3.3991135054626347,8.713777893383204,1.3933169605629603,0.09024566244173839,1.472056544898923,2.8746615400503908,1.4603756262348069,0.08113246841157136
11,3.39387532376257,8.700305555805532,1.39132045675617,0.08999995872600859,1.4477410737454444,2.801296537064918,1.4613041264655187,0.08062255770589645
12,3.389399140219988,8.688570513672337,1.3898183112974312,0.08980859569019786,1.4248654680368913,2.7320456581952075,1.4623513040409444,0.08019944187452194
13,3.3862754766933114,8.680507252032397,1.3886595586924737,0.08965961935506324,1.4080008657712826,2.680677335848703,1.4634781980741869,0.07984706339095839
14,3.3836161209083673,8.673384205338332,1.3879299069817412,0.08953425040502817,1.3917842910944611,2.6314337913003767,1.4643910398814421,0.07952804210156464
15,3.3813568243766294,8.6673871601236,1.3872557197421589,0.08942759326412969,1.3769292665442487,2.586077250763269,1.4654788253389992,0.07923172353047837
16,3.3793991945163744,8.661959532562525,1.3868810697071101,0.08935698127948768,1.3617924394691248,2.5401811946485937,1.466178506639865,0.07901761711891632
17,3.3779695829883374,8.658034984631202,1.3865746323119943,0.08929913202181537,1.3493912439801028,2.5025070569632604,1.4668414441337263,0.07882523084332202
18,3.3767607801266966,8.654743491765,1.3862843573475274,0.08925449126756135,1.337313799324093,2.46567810004707,1.4676032349444397,0.07866006298076954
19,3.3760657800960683,8.652968827206484,1.3860137060442952,0.08921480703742608,1.329957703431611,2.4428810401448744,1.4684997206737085,0.07849234947625021
20,3.3755877036090447,8.651784447339127,1.3857902737147854,0.089188389773222,1.324558691051698,2.4258447107176817,1.4694677559329663,0.07836360650444556
21,3.375250685680232,8.650949376309157,1.3856378903040358,0.0891647904275033,1.3203782569603264,2.412627573580686,1.4702824470480678,0.07822475025222526
22,3.3750520371868693,8.650462091569397,1.3855434244194735,0.08915059557173717,1.3180016901752627,2.405120246048179,1.4707620883135228,0.07812273616408659
23,3.374865015420036,8.650011603684378,1.3854418050938386,0.08914163748189025,1.3157132853527769,2.3973409403094137,1.471751771563697,0.07804714418521948
24,3.374611163535524,8.649320288341624,1.3853774492042152,0.08913575306073321,1.3107530277889863,2.3819251716214653,1.4723418963019588,0.07799201544353446
25,3.3744884968364866,8.649010570225517,1.3853237398563465,0.08913118042759631,1.308642992972573,2.3752355050740532,1.4727537830512034,0.07793969079246202
26,3.374395590670504,8.648784415036413,1.385274577247024,0.08912777972807387,1.3070651488320744,2.370213140271288,1.4730945323145002,0.07788777391043492
27,3.374327233355512,8.648626831885597,1.3852296248060225,0.08912524337491567,1.3062606334916322,2.367401464827525,1.4735135711187808,0.07786686452859064
28,3.3742243066657824,8.64838940936824,1.3851608330934717,0.08912267753563376,1.3035254066177018,2.3593823622749337,1.473341005068421,0.07785285250975067
29,3.3741478028277783,8.648209204700871,1.3851131475297114,0.08912105625275248,1.3004678834429486,2.3499938044056004,1.4735973952397434,0.07781245068350173
30,3.374088722618701,8.648098163557831,1.3850477021108751,0.08912030218739637,1.2980951655793187,2.3430023902057218,1.473511182140389,0.07777192439184548
31,3.374043327320862,8.648012410193315,1.384997358468843,0.0891202133004278,1.2975210620050432,2.3411150279282484,1.4737133688282884,0.0777347892585925
32,3.3740128244494376,8.647941232068389,1.3849773850588907,0.08911985622103462,1.2962787996352645,2.3368008582507405,1.4743257885879169,0.07770975206713635
33,3.3740193840088915,8.648011906961367,1.3849286504568308,0.08911759460847825,1.292735999550856,2.3260298280434566,1.4744721185732335,0.07770605203587783
34,3.373937652122524,8.647827945203392,1.3848692464563404,0.08911576470783987,1.294502949182825,2.331328542495126,1.4744811582513093,0.07769914680203992
35,3.373858842619947,8.647660434683171,1.3848019438327364,0.08911414934393314,1.2973308170493414,2.33989855251697,1.4744060468985944,0.07768785173245946
36,3.373807632204171,8.647572659378492,1.3847362392621332,0.0891139979718867,1.297366670165643,2.3400811388870943,1.474354444365998,0.07766442724383625
37,3.373762802685608,8.647497020133999,1.3846790233584585,0.08911236456436568,1.2968519803389926,2.338512688255325,1.474388922611465,0.07765433015018736
38,3.373725331088561,8.647410445822398,1.3846543909107467,0.08911115653253707,1.2969966201895475,2.3385895059025725,1.4747582204891898,0.07764213417688035
39,3.373680001317967,8.647336119562521,1.3845964709640757,0.0891074134273053,1.2961326760208223,2.3359659665157384,1.4747822309482244,0.07764983059850418
40,3.3736459735932787,8.647333920642929,1.3844956123647736,0.08910838777213367,1.2937685726955803,2.3293850929601363,1.4742986277169294,0.07762199740967508
41,3.3736298138273555,8.647406638176617,1.3843769426430241,0.08910586066242486,1.2909385363176986,2.3217319202872906,1.4734644434109774,0.077619245254828
42,3.3735382730562207,8.64721882305459,1.3842923806973582,0.08910361541671263,1.2919999923032814,2.3254258206239053,1.4729599412067353,0.07761421507920326
43,3.373503224772792,8.647177260897724,1.3842326687505278,0.08909974467012308,1.29126954615135,2.323281106986278,1.4729066285896484,0.0776209028781231
44,3.3734700690205144,8.64711411484643,1.384198253425414,0.08909783878969973,1.2911964392472328,2.3225232979928263,1.4734515818441798,0.0776144379046927
45,3.3734441584791046,8.647081040323384,1.3841547143210966,0.08909672079283217,1.2905295772708452,2.320250101143166,1.4737357830778242,0.07760284759154576
46,3.3733852023211512,8.646953069700922,1.384105179202416,0.08909735806011573,1.290966181431935,2.3214370939931865,1.4738796857361416,0.07758176456647778
47,3.373311707531942,8.646824975586688,1.3840131958420703,0.08909695116706881,1.2913988332419295,2.323209063916817,1.4734184969985884,0.07756893881038324
48,3.373226984653798,8.646646151138345,1.3839439049487425,0.08909089787430687,1.2928080589768978,2.3275782162371814,1.4732567167816686,0.07758924391184394
49,3.3732211190219465,8.646680185440037,1.3838929313004915,0.08909024032531039,1.291074976117014,2.3222628766864983,1.47338527688484,0.07757677477970364
50,3.3733144734200895,8.647018503963682,1.3838347331698593,0.08909018312672733,1.2869436146753288,2.309859081625686,1.473411046344089,0.07756071605621143
51,3.373226480581641,8.646810031937132,1.3837810731376583,0.08908833667013233,1.287981136315982,2.3128303089113227,1.4735585174094166,0.07755458262720698
52,3.3731335059279033,8.646543847335478,1.3837712403708324,0.08908543007740026,1.2898880080565251,2.3178902750333252,1.4742188717758193,0.07755487736043094
53,3.3730658090526817,8.646390301093652,1.3837213348505613,0.08908579121383339,1.2906536104836164,2.320066109682431,1.4743564087652095,0.07753831300320901
54,3.3730416960857155,8.646362845959016,1.3836785072742082,0.08908373502392085,1.2900140840951881,2.31796702287681,1.4745405587897664,0.07753467061898764
55,3.3729558134164375,8.646161169167023,1.383626836787645,0.08907943429464431,1.291422205939362,2.322074432432807,1.474648931820003,0.07754325356527622
56,3.372888179375341,8.645949435155453,1.3836393687771293,0.08907573419344011,1.293449779753038,2.327531074263668,1.4752698732132994,0.07754839178214637
57,3.3728105100798964,8.645805894623113,1.3835505110340125,0.08907512458256434,1.2943872176291957,2.330615409475083,1.4750091336632556,0.07753710974924868
58,3.3727561120620186,8.645719513502593,1.3834734699685725,0.08907535271488948,1.2942845613849576,2.3304550002441746,1.4748781018305686,0.07752058208012925
59,3.3726906993961236,8.645607085415362,1.3833865882158838,0.08907842455712602,1.2945211405756911,2.331419549000803,1.474651895666086,0.07749197706018432
60,3.372725869387358,8.645670249246841,1.3834339800619437,0.08907337885328837,1.2921556547850164,2.3234527703683474,1.4755135599094167,0.07750063407728473
61,3.372676095176562,8.645586879725451,1.3833673975157548,0.08907400828847847,1.292071644008449,2.323257502049816,1.475473513988504,0.07748391598702675
62,3.3726201096598056,8.645531549788428,1.383260792436617,0.08906798675437143,1.291543075991931,2.321978624735752,1.4751529725038168,0.07749763073622414
63,3.3726424263917356,8.645658832140573,1.3832046168739573,0.0890638301606779,1.2892667150903772,2.3151075983661173,1.4751896629796772,0.07750288392533704
64,3.372624046831495,8.645663755381078,1.3831461238349227,0.08906226127848457,1.2885241410121888,2.3128460281429923,1.4752299655565877,0.07749642933698629
65,3.3725601948599597,8.64558092651977,1.3830403704159782,0.08905928764413101,1.2883477517195605,2.3126465324571925,1.4748997073474086,0.07749701535408086
66,3.372494970387896,8.645433157242156,1.3829979916274415,0.08905376229409127,1.2889096129191937,2.3141197883070164,1.4750990995262856,0.07750995092427923
67,3.3724668909384334,8.645397848632024,1.3829497583294095,0.08905306585386634,1.2885500813956858,2.31291649907798,1.47523392450341,0.07749982060566768
68,3.372393725076209,8.645207176863678,1.3829203354808919,0.08905366288405625,1.2896509243046734,2.315992922312642,1.475476345280008,0.07748350532137076
69,3.3723215836851885,8.645042946929326,1.3828713528903271,0.08905045123591326,1.2904195749832292,2.3182005086880824,1.4755740038320138,0.07748421242959133
70,3.372243625111317,8.644917118219368,1.3827662273096157,0.08904752980496757,1.2906849005647691,2.3193018078700494,1.4752686213883184,0.07748427243593987
71,3.3722382299425218,8.644959097420205,1.382706126422542,0.08904946598481732,1.2894162025705982,2.3154807090105574,1.475305813764555,0.07746208493668244
72,3.3721896742451953,8.64495058976036,1.3825738772053011,0.08904455576992512,1.2885187449617708,2.3132806318164514,1.4748058780117252,0.07746972505713531
73,3.3720881705129524,8.644745509910964,1.3824765009504185,0.08904250067747385,1.2895033164027752,2.3165008111009477,1.474545205574638,0.07746393253273925
74,3.3720990335985714,8.644820634873517,1.3824381581395588,0.08903830778263956,1.2880279750790802,2.3118486858018907,1.4747660231061905,0.07746921632915908
75,3.372048543655788,8.644733002125237,1.3823787931755507,0.08903383566657516,1.288025929108972,2.3118022189788614,1.4748001735819165,0.07747539476613781
76,3.3719755881299167,8.644627524292387,1.3822655377933832,0.08903370230397997,1.288069045378638,2.3123025748164334,1.474443668219688,0.07746089309979323
77,3.3719352365788677,8.644541714946037,1.3822313842722964,0.08903261051827092,1.2881764564905258,2.312346873555134,1.4747307069156534,0.07745178900079051
78,3.3718837299426494,8.644502967628886,1.3821184978251797,0.08902972437388156,1.2876757441718325,2.3112341006154837,1.4743422649526163,0.07745086694739739
79,3.3718177415981767,8.64442682302757,1.3819990287272754,0.08902737303968465,1.2874273635252909,2.3109984334578044,1.4738358132187446,0.0774478438993234
80,3.371674852492294,8.644073194716906,1.3819247730689983,0.0890265896909775,1.2898235571379761,2.318263232952899,1.4737696338876962,0.0774378045733329
81,3.371597424845429,8.643935631413678,1.381835371249734,0.08902127187287524,1.2903937373106606,2.3201793105403485,1.4735533675666825,0.07744853382495025
82,3.37154164563424,8.643865300771292,1.3817371240313898,0.08902251210003843,1.2900841021071336,2.3195935709259063,1.4732293839656314,0.07742935142986361
83,3.371538435746808,8.643851186112391,1.3817425815059712,0.08902153962206176,1.289539881989975,2.317234609170257,1.4739646911256157,0.07742034567405241
84,3.3715027681510032,8.643780043024194,1.3817112060461534,0.08901705538266239,1.2894332156234276,2.3166139989905274,1.4742591255885142,0.07742652229124107
85,3.3714332970049026,8.643590774835717,1.3816943266109194,0.08901478956807236,1.290586283521907,2.3196823618050413,1.4746534288646629,0.07742305989601712
86,3.3713142765878312,8.643351886225727,1.381576281599555,0.08901466193821157,1.2924144150029713,2.325596580349141,1.4742351602755608,0.07741150438421147
87,3.371274580636875,8.643318994264515,1.3814952705626848,0.08900947708342606,1.291598720168915,2.323240729953557,1.4741343866683836,0.07742104388480456
88,3.371218584163351,8.643304067403145,1.3813473866798203,0.08900429840708679,1.2905318076211947,2.3207296076026975,1.4734354830221856,0.0774303322387006
89,3.3711417734018423,8.643161918102177,1.3812673535694402,0.08899604853391019,1.2911733603775986,2.3226959129363265,1.4733690061763838,0.07745516202008539
90,3.371078269276279,8.643043239186401,1.381199457376679,0.08899211126575675,1.2915854270097806,2.3238677625144293,1.4734279707722462,0.07746054774266625
91,3.3710288242575075,8.642988740371468,1.3811072769916193,0.0889904554094359,1.2909059488983925,2.3220811944165205,1.473182596982063,0.077454055296594
92,3.37105767975133,8.643113845561585,1.3810695259748353,0.08898966771756994,1.2886879134091658,2.3151366717364765,1.4734835181382795,0.07744355035274196
93,3.3710103986411384,8.643070450808496,1.3809714792193277,0.08898926589559165,1.2881653544135254,2.313814828520446,1.4732506119768831,0.07743062274324737
94,3.370956244511073,8.642955626362212,1.3809136722240796,0.0889994349469279,1.288349024326531,2.314234631306495,1.4734376827561146,0.07737475891698349
95,3.3708503558915903,8.642743697720459,1.3808074374461516,0.08899993250816078,1.2893687863389516,2.3176020700333577,1.4731431188142234,0.07736117016927363
96,3.3708024367758327,8.642654749945345,1.3807515710057097,0.08900098937644312,1.289404890253152,2.3175830223353002,1.4732849603029363,0.07734668812122006
97,3.370769458844221,8.642678587114986,1.3806286928737959,0.08900109654388211,1.288177684208225,2.3144154367339462,1.4727806147721694,0.07733700111855984
98,3.3707819095697755,8.642794123043991,1.380554442999601,0.08899716266573508,1.2865559095402797,2.3095498962775696,1.472777546178996,0.07734028616427353
99,3.370661392992005,8.642524346512634,1.3804660729279983,0.08899375953538222,1.2881087811135818,2.3143820999227582,1.4726034557166148,0.07734078770137191
100,3.370547962398355,8.642294911432632,1.380355405817415,0.08899356994501817,1.2894138266532964,2.3188220186445956,1.4720880660863431,0.07733139522895005
101,3.370589217303667,8.642486725205336,1.3802895542045828,0.08899137250108229,1.2869270242969046,2.311304627305779,1.4721471249219495,0.07732932066298512
102,3.370616507036772,8.642572301148702,1.3802889844899067,0.08898823547170766,1.2859875860684904,2.307658219977325,1.4729738939543162,0.07733064427383013
103,3.370550741930123,8.64242711903776,1.3802456496937563,0.08897945705885167,1.2866249642418948,2.309239959624523,1.4732833955947098,0.07735153750645164
104,3.3704798935327314,8.6422710517178,1.3801971492144647,0.0889714796659269,1.2873162949151251,2.3110907530389655,1.4734876821308114,0.0773704495755987
105,3.370443397017113,8.642205855184326,1.3801583040048957,0.08896603186211757,1.2872980709928887,2.3107352430992703,1.4737793726406032,0.07737959723879252
106,3.370508505924386,8.642499618235485,1.3800636122061352,0.08896228733153883,1.2846612365706767,2.3029878969399764,1.4736146141116235,0.07738119866043011
107,3.3704062354158224,8.642290518201026,1.3799646844801228,0.08896350356631673,1.2853565026352818,2.3052412142040413,1.4734650780530787,0.07736321564872553
108,3.3703283521828364,8.642130097192844,1.3798916690017267,0.08896329035393916,1.2858561660356835,2.306704544011683,1.4735117484850313,0.07735220561033634
109,3.3704201545938077,8.642558575796047,1.3797413629363728,0.08896052504900315,1.282573635428714,2.2974638387187776,1.4729077170435116,0.07734935052385276
110,3.370454331892875,8.642709566010046,1.3796920910986425,0.0889613385699372,1.2814948467188574,2.2939833615277334,1.4731669859745373,0.07733419265430161
111,3.3705067660418853,8.642929584622928,1.3796335385392287,0.08895717496349782,1.2801961650750078,2.289981196426419,1.4732700728881485,0.07733722591045551
112,3.370286574145789,8.642320668572218,1.3795856594357156,0.08895339442943248,1.282674217742038,2.297206041816052,1.473478116081938,0.07733849532812392
113,3.370200126249855,8.642181707431746,1.379466060753319,0.08895261056449852,1.2828420952127955,2.298161347655494,1.4730360927625807,0.07732884522031175
114,3.370156132723753,8.64215292776245,1.3793654590237294,0.08895001138508002,1.2824005863549945,2.297134429415466,1.472740665216306,0.07732666443321119
115,3.370060510625462,8.64190325226767,1.3793285393593133,0.08894974024940143,1.2833053118348514,2.2995228334014355,1.4730775643604428,0.07731553774267585
116,3.3698832752367625,8.641485776493633,1.3792158193483608,0.08894822986829302,1.2851427726123175,2.3053170261897056,1.4728027338609713,0.07730855778627561
117,3.3698974767090504,8.64162621594485,1.3791209486146256,0.088945265567676,1.2836385715652987,2.300894531672271,1.4727146737543593,0.07730650926926574
118,3.3698526873885792,8.641642516661525,1.3789806464155443,0.08893489908866893,1.2827346685171377,2.2987170996073942,1.4721540781188283,0.07733282782519053
119,3.369744633450382,8.641341943568374,1.3789559549930186,0.08893600178975308,1.2839904200142669,2.3019549928722194,1.4727004970164557,0.07731577015412575
120,3.369620499141488,8.641053034293108,1.37887621365625,0.08893224947510585,1.2852562093845077,2.305678918166008,1.4727738619139725,0.07731584807354214
121,3.3695927914019825,8.640993539836405,1.3788496370948133,0.08893519727472951,1.2853496617469748,2.305490742197941,1.473265575631882,0.07729266741110122
122,3.369493214341856,8.640756606892275,1.3787865883052604,0.08893644782803262,1.2864340912499608,2.308610734991783,1.4734143729751603,0.07727716578293953
123,3.369469227498174,8.640761282839662,1.378707808302689,0.08893859135217107,1.285905748444714,2.306993852721652,1.4734629719865593,0.0772604206259314
124,3.3694147379245876,8.640692957773696,1.3786141768122027,0.08893707918786346,1.2859042584076112,2.307071881471716,1.4733861379778088,0.07725475577330873
125,3.3694210224306693,8.640872369271435,1.3784573020597108,0.08893339596086144,1.2841936989908633,2.3024679510722046,1.4728570938713306,0.07725605202905501
126,3.3694505119258085,8.641069290633487,1.378352960164027,0.08892928497991046,1.2826974309915944,2.298111632729045,1.472722104687567,0.07725855555817131
127,3.369469152261763,8.641180086727726,1.3783000939424768,0.08892727611508697,1.2819291699302473,2.2955267102896646,1.473005069147679,0.07725573035339876
128,3.369348707530571,8.640894449786888,1.378225391517557,0.08892628128726757,1.2830381387909633,2.2987602044805926,1.473105290252162,0.07724892164013561
129,3.369137049868082,8.640368557920363,1.378119229763854,0.08892336192002949,1.2856717120736452,2.3067912200903615,1.4729769682381928,0.07724694789238107
130,3.3690604252394745,8.640204368992645,1.3780588948962227,0.0889180118295559,1.2863751562394459,2.308687784105793,1.473183932030022,0.0772537525825222
131,3.3690963653626684,8.640429646629485,1.3779442766436591,0.08891517281486071,1.284415433369648,2.3030038867795475,1.4729881239947498,0.07725428933464674
132,3.3691771951027683,8.640750551351292,1.3778686169910193,0.08891241696599206,1.282242058048898,2.2963891600656057,1.4730838641053332,0.07725314997575582
133,3.36925886385513,8.641114761752506,1.3777525096047096,0.0889093202081742,1.2801515914682138,2.290360406225458,1.4728420362725811,0.0772523319066025
134,3.3691685372829165,8.641050297462787,1.3775482553530705,0.08890705903289081,1.279714266908663,2.290040912432442,1.4718538163805068,0.07724807191304049
135,3.369045828099734,8.640802476326671,1.3774307732133784,0.08890423475915119,1.2803873400513577,2.2923219873677474,1.4715945692698267,0.07724546351649843
136,3.3688715738919544,8.64033469051203,1.3773768801280892,0.08890315103574219,1.2822363955271445,2.2975854022663715,1.4718877867046547,0.07723599761040775
137,3.368863485966402,8.640383846838622,1.377307688869865,0.08889892219071961,1.2816576994813942,2.295643804341461,1.47209214452929,0.0772371495734315
138,3.368798230356145,8.640271549035843,1.3772256078340122,0.08889753419857935,1.2818500797900576,2.2961146171691,1.4722057315036523,0.07722989069742062
139,3.368789128757161,8.640328469676076,1.3771495040127841,0.08888941258262247,1.2812648508501348,2.2941870010308736,1.4723626681122766,0.07724488340725387
140,3.368670960645948,8.640128815232528,1.3770003405552997,0.08888372615001584,1.2817597601184467,2.296073304179302,1.4719507603037914,0.07725521587224665
141,3.3686577439464447,8.64016456537161,1.3769327092415775,0.08887595722614731,1.281395901492048,2.294713475777886,1.472201078126244,0.07727315057201367
142,3.36850045393566,8.639743473281937,1.3768812180963235,0.08887667042871958,1.2834663058866067,2.3005659698625984,1.4725722224577775,0.07726072533944381
143,3.3683867759907318,8.639497420571187,1.3767837261805707,0.0888791812204359,1.2848447805757175,2.3046347844948962,1.4726561130049047,0.07724344422735159
144,3.368298947591408,8.639392664184495,1.376628657249055,0.08887552134067438,1.2851975002149023,2.3060505521213384,1.4722960593231953,0.0772458892001737
145,3.368232296517314,8.63937503243322,1.3764450553823913,0.0888768017363311,1.2847566001339492,2.305357840871683,1.4716828491254326,0.07722911040473218
146,3.3681411703388986,8.63917179432935,1.3763803448863217,0.08887137180102551,1.2856134564712407,2.3075915442848767,1.4720133240029207,0.07723550112592514
147,3.3681378172234377,8.639247467515832,1.3762972438551666,0.08886874029931552,1.2845906729069434,2.304418525360162,1.4721201521384564,0.07723334122221147
148,3.368108695517522,8.639236861369717,1.3762230886182414,0.08886613656460736,1.2840967045115146,2.302765927437071,1.4722934974129327,0.0772306886845396
149,3.368244167223731,8.639717397009667,1.3761538940157962,0.08886121064572966,1.281251113098542,2.294019550383775,1.4724981716164522,0.07723561729539907
150,3.3682817905862064,8.639851672885074,1.3761347790461749,0.08885891982736922,1.2804846372834005,2.2911949214910794,1.4730287450703916,0.07723024528872972
151,3.3682552769430205,8.639822381291339,1.3760808115555525,0.08886263798216881,1.2803303604703087,2.290490971361177,1.4732948809828206,0.07720522906692841
152,3.3682961488561016,8.64001248002005,1.3760183463215336,0.08885762022671984,1.2793190411517952,2.28720267088771,1.4735448459084053,0.07720960665926974
153,3.3683172370684993,8.640129075510865,1.375965634878162,0.08885700081647065,1.2786069776025604,2.284812833597114,1.4738082487989042,0.07719985041166275
154,3.368226253608419,8.639756825385922,1.3760683681490782,0.08885356729025848,1.2799678054188577,2.287875498259237,1.4748295882840987,0.07719832971323763
155,3.368031001200855,8.639434804009221,1.3758025646167744,0.08885563497657022,1.2806347338265274,2.290748462961541,1.473974484748069,0.07718125376997242
156,3.3678858291952736,8.639094232768981,1.3757075723397971,0.08885568247704323,1.2818033225368861,2.294285442985319,1.473953285443074,0.07717123918226523
157,3.367752675707117,8.638921833766407,1.375486969973558,0.08884922338138619,1.2820049949975048,2.295575422050872,1.4732586186046828,0.0771809443369602
158,3.3677220832931987,8.63886077159557,1.3754602463213292,0.08884523196269445,1.282146521658525,2.29553276202963,1.473725635215913,0.07718116773003192
159,3.367619671582738,8.6386856160289,1.3753346977740695,0.08883870094524449,1.2824748095184804,2.296640808283345,1.4735944582545923,0.07718916201750355
160,3.367536499323691,8.638632959186769,1.3751440214828308,0.08883251730147465,1.2821410602061956,2.296091278583619,1.4731386360168142,0.07719326601815422
161,3.3674762779167513,8.638604698265805,1.3749930505173205,0.08883108496712855,1.2817502759129813,2.29519636589297,1.4728701987181447,0.07718426312782938
162,3.3673991117745152,8.63845867975442,1.3749070290772103,0.0888316264919156,1.2820423233068816,2.295954980112129,1.473001555993035,0.07717043381548062
163,3.3672502827782256,8.638217576041818,1.3746968571383464,0.08883641515451286,1.2825278212634887,2.2980188035014577,1.4724219151803757,0.07714274510863295
164,3.367139689564626,8.638046978431055,1.3745376241491707,0.08883446611365337,1.2827535457504313,2.2989994764410655,1.4721268142529258,0.07713434655730281
165,3.367081859392647,8.637931265297134,1.3744832897341004,0.08883102314670632,1.2829681296872995,2.299337378497095,1.472435872644034,0.07713113792076967
166,3.3669256928620808,8.637554234571537,1.374396556546054,0.08882628746865107,1.284738676548757,2.3045019596950915,1.472584447558767,0.07712962239241201
167,3.3669351699061134,8.637771885321206,1.3742094247161418,0.08882419968099213,1.282863945289894,2.299380266495915,1.4720899549557092,0.07712161441805784
168,3.3668611297010536,8.63769900298138,1.3740693636028405,0.08881502251894056,1.282895882557471,2.299635092174707,1.471919715638234,0.07713283985947197
169,3.3667570629654127,8.637523878178223,1.3739306483045928,0.0888166624134225,1.2835376511411238,2.3017084372982164,1.4717892384424813,0.07711527768267391
170,3.3668097454795234,8.637789968391223,1.3738248787987173,0.08881438924863139,1.2818624500871956,2.2966115618368246,1.4718660139064845,0.07710977451827772
171,3.366703814987473,8.637641538248898,1.3736591816710702,0.08881072504244965,1.282134107875909,2.297718225814805,1.471579118261579,0.07710497955134354
172,3.366587094382936,8.637511556953141,1.3734390610076945,0.08881066518797245,1.2820612826403892,2.2982600240284676,1.470832315157082,0.07709150873561825
173,3.366383705605729,8.636952583286051,1.3733927250779803,0.0888058084531541,1.2849639245553905,2.306419393550048,1.4713812666179906,0.07709111349813332
174,3.3664370609398464,8.637320123458016,1.3731905315683095,0.08880052779321293,1.2820631796325603,2.2983191217930012,1.4707788114575118,0.0770916056471681
175,3.3664442164217205,8.637447684067103,1.3730958857142743,0.08878907948378398,1.2809453715409278,2.294787288630205,1.4709390477256217,0.07710977826695684
176,3.366365425193471,8.637366714925978,1.3729414559913562,0.08878810466307975,1.2807377460709437,2.2944212272897055,1.4706920814100297,0.07709992951309547
177,3.3663329887303193,8.63732100099701,1.3729001434389998,0.08877782175494922,1.2807202640073505,2.2938059890553846,1.471236228272532,0.07711857469413498
178,3.366279060557799,8.637234129209414,1.3728303364041519,0.08877271605983118,1.2808561222111303,2.2938696933312026,1.471576461901261,0.07712221140092697
179,3.3662128413620924,8.637093860851436,1.3727722756422938,0.0887723875925473,1.2813437611898493,2.295016102821794,1.4719010989417414,0.07711408180601265
180,3.366214681789909,8.637209514462565,1.3726650647182634,0.08876946618889692,1.280617092155106,2.2927796977982235,1.471960176939652,0.0771114017274426
181,3.3661213406849773,8.637123959050983,1.3724736339430041,0.08876642906094528,1.2805476324263825,2.293028895611175,1.471507655645946,0.07710634602202575
182,3.3659448125059312,8.636802457684063,1.3722676498588533,0.08876432997487782,1.2816152075820026,2.2968364659577984,1.4709101716374064,0.07709898515080288
183,3.365750460098798,8.63637721258562,1.372112623276906,0.0887615444338671,1.283579344790103,2.30297433717297,1.4706698626881487,0.07709383450918991
184,3.3656462119438544,8.636231082019542,1.3719543994608079,0.08875315435121375,1.2840259671684555,2.3045500580348404,1.4704230973488308,0.077104746121695
185,3.3656191671159505,8.63620050091436,1.3718998179792956,0.08875718245419725,1.2840142945744033,2.3041767953196426,1.4707834649092646,0.07708262349430292
186,3.365579701631596,8.636194420045108,1.3717817368151164,0.08876294803456351,1.2837707603999728,2.303469522976391,1.4707866641491596,0.07705609407436809
187,3.36558232747362,8.63632785249734,1.371661681404719,0.08875744851880138,1.2827474382536523,2.30039536994649,1.470787012932894,0.07705993188157342
188,3.365577895209738,8.636467441430556,1.3715141522199494,0.0887520919787078,1.2815994621919318,2.297112039432518,1.4706241953563612,0.07706215178691601
189,3.3654156665847803,8.636103871122407,1.3713977274833862,0.08874540114854855,1.282939550313013,2.3009909405237923,1.4707615126474929,0.07706619776775393
190,3.365245815897921,8.635788635349794,1.3712066449993934,0.08874216734457566,1.2840991311371224,2.304698037736957,1.4705407129137174,0.07705864276069331
191,3.365333238286993,8.63612752275247,1.3711357567854057,0.0887364353231019,1.2819762439809679,2.2978952901382814,1.4709728769291268,0.07706056487549502
192,3.365233293901673,8.636105521637406,1.370865652209837,0.08872870785777684,1.2814539319181162,2.2970509785524604,1.4702432915817214,0.07706752562016682
193,3.365108513582386,8.63581509358796,1.370777410472769,0.08873303668643014,1.282566340587938,2.3000276763622174,1.4706298570977614,0.07704148830383503
194,3.3651407181369506,8.636054117993716,1.3706370972797814,0.0887309391373554,1.2808774998781012,2.294947919746718,1.4706505857413792,0.0770339941462063
195,3.3650548775043116,8.635940107457294,1.3704937226238891,0.0887308024317521,1.2810424994560201,2.295393269528315,1.4707127056440448,0.07702152319570019
196,3.3650094274479585,8.63600347235893,1.3703039326912987,0.08872087729364854,1.280242460143308,2.293232186506324,1.4704615306420892,0.07703366328151104
197,3.364850377884728,8.63568028333558,1.3701557400756348,0.08871511024296905,1.2812872043672523,2.2963573232748646,1.4704682199348726,0.07703606989201923
198,3.3647553029818837,8.63552405910913,1.3700291524890502,0.08871269734747217,1.2816084612334986,2.297170900499786,1.4706269426374736,0.07702754056323606
199,3.3647319427381475,8.63554067542473,1.3699492064708263,0.08870594631888486,1.2811514407367548,2.295343465530157,1.4710815718052195,0.07702928487488805
200,3.364769549908646,8.635785011801246,1.3698214406423106,0.08870219728238238,1.2797713811191633,2.2911370986662862,1.4711522346134072,0.07702481007779645
201,3.3649064026454134,8.636421517902164,1.369597896038,0.0886997939960756,1.2769792321786952,2.283295948632391,1.470626659166105,0.07701508873758975
202,3.36473127184564,8.636106362234498,1.3693951392953474,0.0886923140070748,1.2776225257088398,2.285570723410161,1.470277097843833,0.07701975587252553
203,3.3647782595198934,8.6365051567645,1.3691426152625263,0.08868700653265597,1.2758023963962224,2.2807361997457085,1.469650137148293,0.07702085229466597
204,3.3647090716193078,8.636495620253713,1.3689497607796621,0.08868183382454801,1.2755350997348467,2.2801412440342785,1.469441035598814,0.07702301957144768
205,3.364560737141342,8.636235697422464,1.368762652320616,0.08868386168094754,1.276089859539313,2.282062990763897,1.4692007381581658,0.0770058496958762
206,3.36446318385562,8.635962991172018,1.3687459237951745,0.08868063659966742,1.2770879655334249,2.2842246295140476,1.4700376481902289,0.07700161889599824
207,3.364306906293018,8.635666737809407,1.3685753422185833,0.08867863885106232,1.2778881709475352,2.286711302011531,1.4699576650616897,0.07699554576938483
208,3.3642103772029572,8.635543554315426,1.3684081470106153,0.08867943028283137,1.2780737817242398,2.2873418615539762,1.4699013797055485,0.07697810391319479
209,3.364002842904764,8.635165542388947,1.3681671680711682,0.08867581825417709,1.2790700528867314,2.2907519840910577,1.4694878844941028,0.07697029007503352
210,3.3638563241803165,8.634869432959862,1.3680278862735333,0.08867165330755536,1.279930619335438,2.293139993341402,1.4696857883969119,0.0769660762680006
211,3.3638520744484293,8.635022854497302,1.3678667678504166,0.08866660099756882,1.278896996932234,2.2900142431576933,1.4697116921414917,0.0769650554975168
212,3.363671098993374,8.634632128672488,1.367722611180131,0.08865855712750315,1.280183215767649,2.2936528793390507,1.4699264444885844,0.07697032347531203
213,3.3634611589464387,8.634294822415919,1.367433531893851,0.08865512252954551,1.281074960747205,2.2967901160406705,1.4694740445733008,0.07696072162764352
214,3.363242385434475,8.63376007945118,1.3673144029047957,0.08865267394744861,1.2833574020600476,2.3031929153831157,1.4699320599027028,0.07694723089432409
215,3.3631151227544547,8.633536417091227,1.3671563300434681,0.0886526211286708,1.284124936427282,2.3053449831814556,1.4700993168429057,0.07693050925748512
216,3.363156739271295,8.633933641089458,1.3668841745019285,0.08865240222249847,1.2813736490089622,2.297650189581498,1.469551088682279,0.07691966876310957
217,3.3632081561937532,8.634282176683962,1.366685548325842,0.0886567435714557,1.2794162457015663,2.2920498374879927,1.4693005554257297,0.07689834419097667
218,3.36326538025232,8.634730807368427,1.3664191758342794,0.08864615755425227,1.2771985990976351,2.2858933694242287,1.4687929296686402,0.07690949820003601
219,3.363095255268663,8.634440421132132,1.3661995462991001,0.0886457983747576,1.2777291491313327,2.2877477500926036,1.468542124982901,0.07689757231849348
220,3.36304621058726,8.634528731299888,1.3659785923644345,0.08863130809745642,1.2769605592417692,2.285603040462173,1.4683627432246051,0.07691589403852887
221,3.3628546934529457,8.634138060780966,1.3657952506343758,0.08863076894349503,1.2779528968124951,2.28859589419315,1.4683605964628954,0.07690219978144044
222,3.3628162552921306,8.634136572585538,1.3656852482315989,0.08862694505925593,1.2777696952232138,2.2876541494462908,1.468757856958353,0.07689707926499757
223,3.362691469088723,8.633942306483748,1.3655165243859917,0.08861557639642885,1.2780642490018173,2.2883640515334878,1.468921639843538,0.07690705562842562
224,3.362541075587185,8.633768662743863,1.365242166600336,0.08861239741735717,1.2782406705624587,2.2892813387527378,1.4685403759345395,0.07690029700009914
225,3.3623007382922943,8.633253425718797,1.3650377094052912,0.08861107975279502,1.280098970506444,2.294894904468407,1.468513975170832,0.07688803188009291
226,3.362389269188921,8.633570559137533,1.3649884990229124,0.08860874940631767,1.2788973754473008,2.290597867128369,1.4692125221785282,0.0768817370350049
227,3.362383229094608,8.63386669624431,1.364676549822396,0.08860644121711805,1.2774039419061822,2.2867348858923844,1.4686020437254255,0.07687489610073629
228,3.362264170505872,8.63365376096437,1.3645447036678737,0.08859404688537252,1.2781323829948141,2.288585295297787,1.4689220863190577,0.07688976736759798
229,3.3620632000292,8.633342201197033,1.3642526958125079,0.08859470307805833,1.2788500602025454,2.291271401772989,1.4684063744837903,0.07687240435085656
230,3.3620429490980395,8.633495170769558,1.3640462187702949,0.08858745775426434,1.27794533323945,2.2885051212374155,1.4684575071883088,0.07687337129262493
231,3.3618649859421494,8.63328936115053,1.3637258558898955,0.08857974078602426,1.2781366896513962,2.2895897934895975,1.4679448967494937,0.07687537871509678
232,3.3618957447952993,8.633586113496147,1.3635289184623305,0.08857220242742066,1.2768276655879411,2.285552077531812,1.468053526903023,0.07687739232898846
233,3.3616820841652326,8.633152777958356,1.3633249400945016,0.08856853444283888,1.278098411337506,2.289245720184048,1.468182025590532,0.07686748823793808
234,3.361387990621546,8.632530760354497,1.3630688836861375,0.08856432782400221,1.2802479195639263,2.295845485190624,1.4680406255251919,0.07685764797596285
235,3.3612682075537066,8.632409861918857,1.3628378876296758,0.08855687311258645,1.2802421025254336,2.295948167598056,1.4679222420110523,0.07685589796719282
236,3.3612889323470667,8.632689191323706,1.3626319971034246,0.0885456086140694,1.2786597489519058,2.2911112795953748,1.4680026718947012,0.07686529536564166
237,3.3611578167129412,8.632704770355913,1.362229081910229,0.08853959787268176,1.277919165801819,2.2898879091805213,1.467011156011228,0.07685843221370757
238,3.3609901846704253,8.632541698481557,1.3619003757682593,0.08852847976145842,1.2779080132833067,2.290386203884827,1.4664744394216453,0.07686339654344794
239,3.3608425904764214,8.632236749721898,1.3617654475268557,0.08852557418050969,1.278886413700355,2.2927347962354436,1.4670756372393472,0.07684880762627402
240,3.3607522724018986,8.63223675143255,1.3615038394163452,0.0885162263567995,1.27841737624666,2.291434247072461,1.4669679898425454,0.07684989182497404
241,3.360503650702523,8.6318222484942,1.361178953781916,0.08850974983145135,1.2796906986455323,2.2957859933926947,1.466442638162279,0.07684346438162334
242,3.3604617390214107,8.631885420645204,1.3609901657359724,0.08850963068305576,1.2791949394851712,2.2940923715140364,1.4666673936452066,0.0768250532962706
243,3.360333817048252,8.631826753522356,1.3606745580791226,0.08850013954327765,1.2790040281480044,2.2937784201133242,1.4664073154088997,0.07682634892178912
244,3.3602352212711666,8.63189335818436,1.3603173925002643,0.08849491312887589,1.2781751747988939,2.2918003252634342,1.4659113285790744,0.07681387055417278
245,3.3601135639194983,8.631717970757128,1.3601409660858752,0.08848175491549255,1.2786379523863505,2.292682155826785,1.4664089675133987,0.07682273381886769
246,3.3600028503155457,8.631812255247073,1.359719490148379,0.08847680555118465,1.2775820049948863,2.290570379595714,1.4653628441300066,0.07681279125893811
247,3.359857458214719,8.631519302857377,1.3595855701656014,0.08846750162117775,1.2787015945507787,2.2933427891375118,1.4659449939637548,0.07681700055106958
248,3.359766588630056,8.631397578978687,1.359436422695895,0.08846576421558536,1.278891561806766,2.293412629847888,1.4664609202738006,0.07680113529860916
249,3.3595179439526492,8.630999170156926,1.359093738971953,0.08846092272906793,1.2797639028878454,2.2964230270800607,1.4660774803070227,0.07679120127645231
