,train_mean,train_riso,train_eiso,train_vert,valid_mean,valid_riso,valid_eiso,valid_vert,,,,,,,,,,,,,,,,,,
0,3.019658596,7.524939895,1.420992916,0.113042976,3.219263374,8.134188422,1.414122804,0.109478895,,,(3,2048, [700,700, 700],0.02,0.5,0.0001, 'l2',0.75, [10,10, 10],0.5,0.75, 1e-05)
1,3.025691809,7.545804465,1.418061667,0.113209295,3.224432468,8.152449889,1.411216644,0.109630871,,,,mean rms:,,,,,,,,,,,,,,
2,3.034336157,7.564242487,1.425008276,0.113757707,3.232228399,8.168542997,1.418007434,0.110134766,,,,2.802974529,,,,,,,,,,,,,,
3,3.033959174,7.566817983,1.421273547,0.113785994,3.231704911,8.17069375,1.414261873,0.11015911,,,,eiso rms:,,,,,,,,,,,,,,
4,3.040067129,7.584967654,1.421213816,0.114019918,3.237022623,8.186568289,1.414121566,0.110378014,,,,7.235065821,,,,,,,,,,,,,,
5,3.040695101,7.589728242,1.418359121,0.11399794,3.237402967,8.190666191,1.411185451,0.110357259,,,,riso rms:,,,,,,,,,,,,,,
6,3.043617351,7.598032976,1.418581222,0.114237856,3.239913028,8.197868196,1.411290227,0.110580662,,,,1.093128835,,,,,,,,,,,,,,
7,3.036480415,7.585782539,1.409734872,0.113923834,3.233157469,8.186762722,1.402425846,0.11028384,,,,vert rms:,,,,,,,,,,,,,,
8,3.034707189,7.586796003,1.403229317,0.114096246,3.231175282,8.18729722,1.39578565,0.110442976,,,,0.080728933,,,,,,,,,,,,,,
9,3.027789669,7.576706192,1.392736316,0.113926498,3.224473187,8.177933288,1.385203664,0.11028261,,,,mean r2:,,,,,,,,,,,,,,
10,3.021781574,7.573177012,1.378278401,0.113889308,3.218360301,8.174247917,1.370588062,0.110244923,,,,0.2620516,,,,,,,,,,,,,,
11,3.011990412,7.560685068,1.361590577,0.113695591,3.208773725,8.162578379,1.353682585,0.110060212,,,,eiso r2:,,,,,,,,,,,,,,
12,3.002641902,7.554689505,1.339690337,0.113545864,3.199394341,8.15663749,1.331630007,0.109915525,,,,0.029662879,,,,,,,,,,,,,,
13,2.987944615,7.537337969,1.313055108,0.113440767,3.185116631,8.140551753,1.304993459,0.109804679,,,,riso r2:,,,,,,,,,,,,,,
14,2.975233801,7.523383218,1.289200117,0.113118068,3.172558566,8.127282273,1.28090516,0.109488265,,,,0.417147636,,,,,,,,,,,,,,
15,2.962020666,7.509937342,1.263579623,0.112545034,3.159794192,8.11479789,1.255642354,0.108942331,,,,vert r2:,,,,,,,,,,,,,,
16,2.948785164,7.490785147,1.243286451,0.112283893,3.147551646,8.097657654,1.23631677,0.108680514,,,,0.339344286,,,,,,,,,,,,,,
17,2.939314511,7.477346601,1.228650066,0.111946866,3.138908727,8.085496648,1.222883359,0.108346176,,,,eiso:,,,,,,,,,,,,,,
18,2.938576349,7.478817726,1.22511898,0.111792342,3.137908516,8.086372845,1.219178563,0.10817414,,,,6.283882524,,,,,,,,,,,,,,
19,2.932088064,7.470113514,1.214724862,0.111425815,3.132205052,8.078421354,1.210384347,0.107809455,,,,8.100611897,,,,,,,,,,,,,,
20,2.928473246,7.463983705,1.210285108,0.111150925,3.128989508,8.073143364,1.206298241,0.107526918,,,,4.118614074,,,,,,,,,,,,,,
21,2.924425511,7.458036919,1.204516886,0.110722729,3.125604028,8.068195202,1.201516593,0.107100291,,,,riso:,,,,,,,,,,,,,,
22,2.919954596,7.450798455,1.198726606,0.110338727,3.121936768,8.062093704,1.197007275,0.106709326,,,,0.981344058,,,,,,,,,,,,,,
23,2.915649073,7.442911441,1.194333167,0.109702612,3.11844983,8.05573109,1.193518938,0.106099461,,,,1.049150775,,,,,,,,,,,,,,
24,2.913111506,7.44017654,1.189695308,0.109462669,3.116473193,8.053805042,1.189775335,0.105839202,,,,0.928532374,,,,,,,,,,,,,,
25,2.910131006,7.434411205,1.187091048,0.108890766,3.113921276,8.049283313,1.187196652,0.105283862,,,,vert:,,,,,,,,,,,,,,
26,2.907360154,7.43111555,1.182368306,0.108596605,3.111853779,8.046982732,1.183610235,0.104968368,,,,0.076952827,,,,,,,,,,,,,,
27,2.903624188,7.422929975,1.180088221,0.107854368,3.109012285,8.040810654,1.181973176,0.104253025,,,,0.126688212,,,,,,,,,,,,,,
28,2.902776432,7.423992204,1.176785212,0.10755188,3.108363331,8.042016245,1.179148114,0.103925633,,,,0.057034723,,,,,,,,,,,,,,
29,2.900786073,7.422420467,1.173049316,0.106888437,3.106869774,8.041041876,1.176257052,0.103310393,,,,,,,,,,,,,,,,,,
30,2.89834187,7.417877084,1.170639311,0.106509215,3.104964884,8.037555037,1.17440206,0.102937556,,,,,,,,,,,,,,,,,,
31,2.897534114,7.417989325,1.16844298,0.106170039,3.104076423,8.037935561,1.171687547,0.102606162,,,,,,,,,,,,,,,,,,
32,2.896186652,7.417227502,1.165495233,0.10583722,3.103279215,8.037586168,1.169956247,0.102295229,,,,,,,,,,,,,,,,,,
33,2.894700899,7.415640029,1.162834156,0.105628511,3.101971259,8.03642539,1.167396988,0.1020914,,,,,,,,,,,,,,,,,,
34,2.892937525,7.4135187,1.160194196,0.10509968,3.100709222,8.035193451,1.165303405,0.101630809,,,,,,,,,,,,,,,,,,
35,2.891006701,7.410078496,1.158019339,0.104922269,3.099191145,8.03253675,1.163569994,0.101466691,,,,,,,,,,,,,,,,,,
36,2.890580677,7.410958562,1.156000444,0.104783026,3.098709162,8.033026437,1.161760913,0.101340136,,,,,,,,,,,,,,,,,,
37,2.889734764,7.411571274,1.153134666,0.104498351,3.097656564,8.033304111,1.158572091,0.10109349,,,,,,,,,,,,,,,,,,
38,2.888645362,7.410538374,1.151038687,0.104359024,3.096729675,8.032478285,1.15674122,0.10096952,,,,,,,,,,,,,,,,,,
39,2.887830392,7.410457133,1.148938678,0.104095364,3.096078793,8.032780554,1.154703254,0.10075257,,,,,,,,,,,,,,,,,,
40,2.886710601,7.409306843,1.146798147,0.104026814,3.094850471,8.031652043,1.152206031,0.100693338,,,,,,,,,,,,,,,,,,
41,2.885282569,7.407362344,1.144659688,0.103825674,3.093805325,8.030275097,1.150618545,0.100522333,,,,,,,,,,,,,,,,,,
42,2.884658445,7.407746412,1.142612076,0.103616846,3.092817664,8.030344089,1.14776312,0.100345783,,,,,,,,,,,,,,,,,,
43,2.884002146,7.408384465,1.140165731,0.103456242,3.092009676,8.030837784,1.144982471,0.100208773,,,,,,,,,,,,,,,,,,
44,2.883386695,7.407752687,1.139045822,0.103361575,3.091428392,8.030553944,1.143603158,0.100128075,,,,,,,,,,,,,,,,,,
45,2.881338557,7.404281328,1.136555733,0.103178611,3.089957411,8.027616506,1.142280901,0.099974827,,,,,,,,,,,,,,,,,,
46,2.881948156,7.408078351,1.134705047,0.10306107,3.089883431,8.030612224,1.139157152,0.099880916,,,,,,,,,,,,,,,,,,
47,2.879031927,7.401002054,1.133368476,0.102725253,3.08800533,8.025076607,1.139337109,0.099602273,,,,,,,,,,,,,,,,,,
48,2.879278108,7.404116789,1.130942711,0.102774823,3.087826176,8.027339212,1.136503095,0.099636222,,,,,,,,,,,,,,,,,,
49,2.878249133,7.403131218,1.129068561,0.10254762,3.08659203,8.026601232,1.133728771,0.099446087,,,,,,,,,,,,,,,,,,
50,2.876724518,7.400182981,1.127687031,0.102303543,3.085585045,8.024343574,1.133171104,0.099240458,,,,,,,,,,,,,,,,,,
51,2.876543505,7.401085972,1.126168767,0.102375777,3.085217113,8.02501307,1.131340131,0.099298138,,,,,,,,,,,,,,,,,,
52,2.876286755,7.401847908,1.124921771,0.102090587,3.084590396,8.025439775,1.12927414,0.099057273,,,,,,,,,,,,,,,,,,
53,2.876086005,7.402801714,1.123513573,0.101942727,3.08437724,8.026183482,1.128016514,0.098931724,,,,,,,,,,,,,,,,,,
54,2.874869766,7.401063303,1.121774375,0.101771619,3.083423158,8.024850814,1.126626475,0.098792187,,,,,,,,,,,,,,,,,,
55,2.873330522,7.397789209,1.120583195,0.101619163,3.082311653,8.022376458,1.125889993,0.098668507,,,,,,,,,,,,,,,,,,
56,2.872495688,7.396688805,1.119287251,0.101511008,3.081575226,8.021557358,1.124597033,0.098571287,,,,,,,,,,,,,,,,,,
57,2.872214889,7.397269682,1.118032983,0.101342002,3.081288574,8.022001771,1.123441371,0.098422579,,,,,,,,,,,,,,,,,,
58,2.871434555,7.396466651,1.11665666,0.101180355,3.080267264,8.021526643,1.120995393,0.098279755,,,,,,,,,,,,,,,,,,
59,2.870097236,7.393432897,1.115710422,0.101148391,3.079343634,8.018629382,1.121152812,0.098248709,,,,,,,,,,,,,,,,,,
60,2.868888453,7.391401543,1.114452433,0.100811384,3.078118513,8.016998563,1.119386206,0.097970769,,,,,,,,,,,,,,,,,,
61,2.86823265,7.390600814,1.113437482,0.100659654,3.077637238,8.016485493,1.118588543,0.097837677,,,,,,,,,,,,,,,,,,
62,2.868063711,7.391486658,1.112034983,0.100669494,3.077276892,8.017109833,1.116890667,0.097830176,,,,,,,,,,,,,,,,,,
63,2.867348731,7.390638877,1.110899143,0.100508173,3.076574042,8.016419651,1.115613414,0.09768906,,,,,,,,,,,,,,,,,,
64,2.866219418,7.38776944,1.110620933,0.100267881,3.075815012,8.013725136,1.116226378,0.097493521,,,,,,,,,,,,,,,,,,
65,2.865780053,7.388038284,1.10920086,0.100101015,3.075227666,8.01414501,1.114183566,0.097354422,,,,,,,,,,,,,,,,,,
66,2.865798234,7.388967573,1.108282395,0.100144733,3.075180115,8.014495964,1.113662017,0.097382363,,,,,,,,,,,,,,,,,,
67,2.864819799,7.387042351,1.107258651,0.100158396,3.074207518,8.012735399,1.112502531,0.097384624,,,,,,,,,,,,,,,,,,
68,2.864337741,7.386130196,1.106985389,0.099897639,3.073974518,8.01199563,1.11276413,0.097163794,,,,,,,,,,,,,,,,,,
69,2.863432001,7.384798922,1.105646415,0.099850665,3.073070054,8.011089511,1.111005689,0.09711496,,,,,,,,,,,,,,,,,,
70,2.863065619,7.384529985,1.105032218,0.099634655,3.072743167,8.010699038,1.110595185,0.096935278,,,,,,,,,,,,,,,,,,
71,2.862575952,7.384109801,1.103999915,0.09961814,3.072239802,8.010662842,1.109140282,0.096916282,,,,,,,,,,,,,,,,,,
72,2.862360044,7.384241162,1.103335256,0.099503713,3.07197213,8.010786203,1.108315782,0.096814405,,,,,,,,,,,,,,,,,,
73,2.86151873,7.381965096,1.103324311,0.099266785,3.071633131,8.009002693,1.109285745,0.096610956,,,,,,,,,,,,,,,,,,
74,2.862241315,7.38540953,1.102051449,0.099262967,3.071622446,8.01150452,1.106765262,0.096597556,,,,,,,,,,,,,,,,,,
75,2.86087924,7.382618139,1.100998508,0.099021072,3.070743558,8.009646757,1.106178651,0.096405266,,,,,,,,,,,,,,,,,,
76,2.860123406,7.381028222,1.1002989,0.099043096,3.070335296,8.008499417,1.106102236,0.096404234,,,,,,,,,,,,,,,,,,
77,2.859417969,7.379239145,1.100131224,0.098883538,3.069859086,8.006827527,1.106482673,0.096267058,,,,,,,,,,,,,,,,,,
78,2.859262971,7.380157395,1.098830107,0.098801411,3.069473491,8.007500193,1.104737161,0.09618312,,,,,,,,,,,,,,,,,,
79,2.858211172,7.377662788,1.098230908,0.09873982,3.068745364,8.00580898,1.10430152,0.09612559,,,,,,,,,,,,,,,,,,
80,2.858427578,7.378875175,1.097753053,0.098654507,3.068970888,8.006677113,1.10418459,0.096050959,,,,,,,,,,,,,,,,,,
81,2.85733346,7.376465693,1.096954446,0.09858024,3.068127749,8.005135907,1.10326468,0.095982658,,,,,,,,,,,,,,,,,,
82,2.857861324,7.378361286,1.096654313,0.098568373,3.068257515,8.006779888,1.102022317,0.09597034,,,,,,,,,,,,,,,,,,
83,2.856531321,7.375672671,1.095511724,0.098409568,3.067299324,8.004711136,1.101348785,0.095838051,,,,,,,,,,,,,,,,,,
84,2.85610397,7.375136005,1.094800538,0.098375367,3.066999905,8.003863538,1.101328859,0.095807319,,,,,,,,,,,,,,,,,,
85,2.855398468,7.373618509,1.094354114,0.098222782,3.066496916,8.002644705,1.101159077,0.095686965,,,,,,,,,,,,,,,,,,
86,2.855354228,7.374305588,1.093577329,0.098179767,3.066137555,8.002988081,1.099786511,0.095638075,,,,,,,,,,,,,,,,,,
87,2.854762093,7.373406049,1.092759078,0.098121153,3.065840184,8.002536298,1.099404677,0.095579577,,,,,,,,,,,,,,,,,,
88,2.854210546,7.372212287,1.092332294,0.098087057,3.065495728,8.00158027,1.099361137,0.095545778,,,,,,,,,,,,,,,,,,
89,2.853977351,7.371997359,1.091930871,0.098003823,3.065369836,8.001450915,1.099188925,0.095469669,,,,,,,,,,,,,,,,,,
90,2.853422878,7.37133576,1.090983129,0.097949744,3.064699822,8.000655492,1.098019951,0.095424023,,,,,,,,,,,,,,,,,,
91,2.853042303,7.370399608,1.090816762,0.097910538,3.064567432,7.999971921,1.098343225,0.09538715,,,,,,,,,,,,,,,,,,
92,2.852797696,7.370493151,1.089981568,0.097918369,3.064108383,7.999719508,1.09723118,0.095374461,,,,,,,,,,,,,,,,,,
93,2.85215751,7.369005981,1.089634527,0.09783202,3.063872728,7.999060989,1.097255683,0.095301512,,,,,,,,,,,,,,,,,,
94,2.851757213,7.368413798,1.089170577,0.097687263,3.063372683,7.998517381,1.096405819,0.095194848,,,,,,,,,,,,,,,,,,
95,2.851706205,7.368770181,1.088660849,0.097687584,3.063312438,7.998572215,1.096177865,0.095187233,,,,,,,,,,,,,,,,,,
96,2.850890808,7.366941499,1.088134506,0.097596418,3.062701128,7.997273069,1.095712597,0.095117719,,,,,,,,,,,,,,,,,,
97,2.850434701,7.366186193,1.087528577,0.097589335,3.062317167,7.99672421,1.095123332,0.095103959,,,,,,,,,,,,,,,,,,
98,2.849971849,7.36469143,1.087752021,0.097472096,3.062204979,7.995499812,1.096091597,0.095023529,,,,,,,,,,,,,,,,,,
99,2.849873942,7.36548919,1.086578837,0.0975538,3.061726434,7.99566757,1.094453241,0.095058492,,,,,,,,,,,,,,,,,,
100,2.84909704,7.36316593,1.086699968,0.097425222,3.061478787,7.994112317,1.095348666,0.094975379,,,,,,,,,,,,,,,,,,
101,2.848934495,7.363229437,1.086210672,0.097363375,3.061266783,7.994140935,1.094736722,0.094922693,,,,,,,,,,,,,,,,,,
102,2.848234675,7.361685902,1.08563646,0.097381662,3.060767442,7.992876022,1.094497253,0.094929052,,,,,,,,,,,,,,,,,,
103,2.848377012,7.362998813,1.084665654,0.097466569,3.060556548,7.993722921,1.092976286,0.094970437,,,,,,,,,,,,,,,,,,
104,2.847849842,7.361063227,1.085264926,0.097221374,3.060492585,7.992331827,1.094342329,0.094803599,,,,,,,,,,,,,,,,,,
105,2.847284707,7.360756411,1.08389321,0.097204502,3.059755218,7.992024738,1.092453914,0.094787001,,,,,,,,,,,,,,,,,,
106,2.847272318,7.361133958,1.083427759,0.097255239,3.059573933,7.991808944,1.092104051,0.094808802,,,,,,,,,,,,,,,,,,
107,2.847038593,7.360601018,1.083354956,0.097159805,3.059691967,7.991801793,1.092533457,0.094740651,,,,,,,,,,,,,,,,,,
108,2.846280192,7.358691589,1.082961976,0.097187012,3.059085978,7.990264385,1.092241816,0.094751731,,,,,,,,,,,,,,,,,,
109,2.846567049,7.359414403,1.083219575,0.09706717,3.059313694,7.990497974,1.092773986,0.094669123,,,,,,,,,,,,,,,,,,
110,2.845664227,7.357618175,1.082371044,0.097003461,3.058665232,7.989361398,1.092016721,0.094617578,,,,,,,,,,,,,,,,,,
111,2.845078963,7.356400298,1.08187093,0.096965663,3.05821526,7.988459202,1.091595122,0.094591455,,,,,,,,,,,,,,,,,,
112,2.844793658,7.356572934,1.080815462,0.096992577,3.0577086,7.988375046,1.09014506,0.094605693,,,,,,,,,,,,,,,,,,
113,2.844154245,7.355067211,1.080517549,0.096877973,3.057358477,7.98731578,1.090232951,0.0945267,,,,,,,,,,,,,,,,,,
114,2.84382287,7.354511015,1.080123393,0.096834201,3.057157159,7.987095091,1.089891455,0.09448493,,,,,,,,,,,,,,,,,,
115,2.844003737,7.355025582,1.080156218,0.096829411,3.057329735,7.987170685,1.090335457,0.094483062,,,,,,,,,,,,,,,,,,
116,2.843407114,7.354096421,1.079316099,0.096808821,3.056695848,7.986821649,1.088811342,0.094454553,,,,,,,,,,,,,,,,,,
117,2.842573658,7.351714127,1.079251874,0.096754972,3.056071315,7.984889451,1.088898486,0.094426009,,,,,,,,,,,,,,,,,,
118,2.842852885,7.353141216,1.078674592,0.096742847,3.056206649,7.985777587,1.088435856,0.094406505,,,,,,,,,,,,,,,,,,
119,2.841913323,7.350935473,1.078059048,0.096745449,3.055530973,7.983737772,1.088461608,0.094393539,,,,,,,,,,,,,,,,,,
120,2.842050779,7.351247599,1.078229373,0.096675366,3.055536644,7.984260519,1.088000279,0.094349135,,,,,,,,,,,,,,,,,,
121,2.841198673,7.349612029,1.077354417,0.096629574,3.054944933,7.982590764,1.087931337,0.094312699,,,,,,,,,,,,,,,,,,
122,2.840853919,7.349147155,1.07681179,0.096602812,3.054752648,7.982462906,1.087514864,0.094280174,,,,,,,,,,,,,,,,,,
123,2.840463078,7.348040244,1.076709422,0.096639568,3.054472311,7.981340292,1.087787668,0.094288974,,,,,,,,,,,,,,,,,,
124,2.8401847,7.347762407,1.076245476,0.096546215,3.054195717,7.980981009,1.087363308,0.094242835,,,,,,,,,,,,,,,,,,
125,2.839831957,7.347048162,1.075830134,0.096617575,3.053761495,7.980281766,1.086736721,0.094265999,,,,,,,,,,,,,,,,,,
126,2.839270947,7.345617895,1.075679555,0.096515391,3.053455781,7.979318837,1.086855527,0.094192978,,,,,,,,,,,,,,,,,,
127,2.839145935,7.345124666,1.075839599,0.096473539,3.053441654,7.978757336,1.087402018,0.094165609,,,,,,,,,,,,,,,,,,
128,2.838803592,7.344624627,1.07532317,0.096462979,3.053238853,7.978734205,1.086836626,0.094145727,,,,,,,,,,,,,,,,,,
129,2.838199182,7.343632416,1.074524522,0.096440609,3.052685866,7.977946805,1.085982775,0.094128019,,,,,,,,,,,,,,,,,,
130,2.837855758,7.343069051,1.074113555,0.096384669,3.052410745,7.977402642,1.085727578,0.094102014,,,,,,,,,,,,,,,,,,
131,2.838056708,7.343517139,1.074322246,0.096330738,3.052329676,7.977793561,1.08513443,0.094061038,,,,,,,,,,,,,,,,,,
132,2.837457913,7.341862175,1.074162625,0.096348938,3.052168327,7.976152867,1.08629544,0.094056674,,,,,,,,,,,,,,,,,,
133,2.837033659,7.341504382,1.07331941,0.096277185,3.051748609,7.975908375,1.085312755,0.094024696,,,,,,,,,,,,,,,,,,
134,2.836910073,7.341222209,1.073249463,0.096258548,3.051417606,7.97567697,1.084561966,0.094013881,,,,,,,,,,,,,,,,,,
135,2.836660969,7.340758491,1.072925044,0.096299371,3.051180522,7.975105913,1.084404039,0.094031615,,,,,,,,,,,,,,,,,,
136,2.835878378,7.338869422,1.07258287,0.096182843,3.050863674,7.973724332,1.084926431,0.093940261,,,,,,,,,,,,,,,,,,
137,2.835702307,7.338835788,1.072095186,0.096175946,3.050597044,7.973784059,1.084074539,0.093932533,,,,,,,,,,,,,,,,,,
138,2.835360407,7.337785047,1.07205792,0.096238254,3.050437738,7.972898054,1.084453119,0.093962042,,,,,,,,,,,,,,,,,,
139,2.835054991,7.337159039,1.071893258,0.096112676,3.050106392,7.971791371,1.084632744,0.093895061,,,,,,,,,,,,,,,,,,
140,2.834748504,7.336924305,1.071143162,0.096178045,3.049797238,7.971851901,1.08362417,0.093915643,,,,,,,,,,,,,,,,,,
141,2.834319544,7.335844142,1.071039077,0.096075414,3.049415714,7.971102048,1.083285253,0.09385984,,,,,,,,,,,,,,,,,,
142,2.833801876,7.334104267,1.071280973,0.09602039,3.049384047,7.969807472,1.084515334,0.093829334,,,,,,,,,,,,,,,,,,
143,2.833714132,7.334742333,1.070356175,0.096043887,3.048826723,7.96990388,1.082744093,0.093832195,,,,,,,,,,,,,,,,,,
144,2.833203706,7.333500069,1.070096116,0.096014932,3.048655058,7.969018235,1.083135194,0.093811745,,,,,,,,,,,,,,,,,,
145,2.833461663,7.334414078,1.070013392,0.095957519,3.048586763,7.969574127,1.08241163,0.093774533,,,,,,,,,,,,,,,,,,
146,2.832833323,7.333131816,1.069400066,0.095968088,3.048300535,7.968645025,1.082482015,0.093774564,,,,,,,,,,,,,,,,,,
147,2.832244323,7.331418,1.069367936,0.095947033,3.048058613,7.967457105,1.0829666,0.093752135,,,,,,,,,,,,,,,,,,
148,2.832292783,7.332104255,1.068844423,0.095929672,3.047776404,7.967464749,1.082124876,0.093739586,,,,,,,,,,,,,,,,,,
149,2.831981821,7.331508526,1.068529383,0.095907553,3.047589099,7.96706779,1.08197935,0.093720159,,,,,,,,,,,,,,,,,,
150,2.831716156,7.330932584,1.068353643,0.095862241,3.047350615,7.966330415,1.082035196,0.093686236,,,,,,,,,,,,,,,,,,
151,2.831290164,7.329949389,1.068109709,0.095811393,3.047153756,7.965741953,1.082064993,0.093654321,,,,,,,,,,,,,,,,,,
152,2.831278628,7.330353982,1.067688688,0.095793213,3.047121458,7.966192276,1.081533239,0.093638861,,,,,,,,,,,,,,,,,,
153,2.830560219,7.328333443,1.067544185,0.095803029,3.04641213,7.964517757,1.081094778,0.093623854,,,,,,,,,,,,,,,,,,
154,2.83000922,7.326193896,1.06810609,0.095727674,3.046524675,7.963061132,1.082924307,0.093588588,,,,,,,,,,,,,,,,,,
155,2.830164,7.327858928,1.066897081,0.095735989,3.046208651,7.964047027,1.080997871,0.093581055,,,,,,,,,,,,,,,,,,
156,2.829455567,7.326106662,1.066557337,0.095702702,3.045682781,7.96264762,1.080842582,0.093558141,,,,,,,,,,,,,,,,,,
157,2.829348261,7.325976005,1.066327198,0.09574158,3.045513073,7.962054467,1.080919158,0.093565593,,,,,,,,,,,,,,,,,,
158,2.828482058,7.323642374,1.066124568,0.095679232,3.045098214,7.960613761,1.081145818,0.093535061,,,,,,,,,,,,,,,,,,
159,2.828742216,7.324892061,1.065726257,0.09560833,3.045240901,7.961679917,1.080548438,0.093494348,,,,,,,,,,,,,,,,,,
160,2.82867305,7.324911038,1.0654757,0.095632411,3.045094707,7.961506265,1.080278382,0.093499475,,,,,,,,,,,,,,,,,,
161,2.828146743,7.323355416,1.06552477,0.095560045,3.045081459,7.960794129,1.080992314,0.093457935,,,,,,,,,,,,,,,,,,
162,2.827761162,7.322848103,1.064893881,0.095541503,3.044664513,7.960442765,1.080107419,0.093443355,,,,,,,,,,,,,,,,,,
163,2.827663095,7.322164594,1.065281701,0.09554299,3.044633064,7.959458653,1.081017561,0.093422978,,,,,,,,,,,,,,,,,,
164,2.827131819,7.321674192,1.064206844,0.095514421,3.044091175,7.959305105,1.079559567,0.093408854,,,,,,,,,,,,,,,,,,
165,2.826748066,7.320734836,1.064013626,0.095495736,3.043964068,7.959119971,1.079380224,0.093392009,,,,,,,,,,,,,,,,,,
166,2.826560221,7.320354701,1.063826109,0.095499854,3.043709975,7.958401033,1.079340216,0.093388674,,,,,,,,,,,,,,,,,,
167,2.826245561,7.319452023,1.063794152,0.095490508,3.043223978,7.957225874,1.079068706,0.093377355,,,,,,,,,,,,,,,,,,
168,2.825928604,7.319110933,1.06325946,0.09541542,3.043142455,7.956858392,1.079221022,0.093347949,,,,,,,,,,,,,,,,,,
169,2.825416576,7.317659256,1.063198855,0.095391617,3.043010988,7.956133323,1.079577608,0.093322032,,,,,,,,,,,,,,,,,,
170,2.825399006,7.317761787,1.063060215,0.095375015,3.042919391,7.955973535,1.079486323,0.093298316,,,,,,,,,,,,,,,,,,
171,2.825126031,7.317405542,1.062603601,0.09536895,3.042450279,7.955407585,1.078662153,0.093281101,,,,,,,,,,,,,,,,,,
172,2.824921628,7.316915506,1.062474442,0.095374936,3.042164926,7.954798769,1.078414918,0.093281093,,,,,,,,,,,,,,,,,,
173,2.824767222,7.316561666,1.062397484,0.095342516,3.041990762,7.954334999,1.078375258,0.09326203,,,,,,,,,,,,,,,,,,
174,2.824114369,7.314834357,1.062242175,0.095266575,3.041999285,7.953469688,1.079286777,0.09324139,,,,,,,,,,,,,,,,,,
175,2.82385472,7.314497653,1.061702782,0.095363724,3.041404826,7.952616989,1.078340376,0.093257114,,,,,,,,,,,,,,,,,,
176,2.823281943,7.313272699,1.06130161,0.095271521,3.041109285,7.952148813,1.077970266,0.093208777,,,,,,,,,,,,,,,,,,
177,2.823279689,7.313353502,1.061234545,0.09525102,3.041125518,7.952133581,1.078052294,0.093190681,,,,,,,,,,,,,,,,,,
178,2.823127165,7.313175897,1.060976234,0.095229363,3.040818011,7.951617081,1.077658404,0.093178548,,,,,,,,,,,,,,,,,,
179,2.823007325,7.312885559,1.060928652,0.095207763,3.040606869,7.951207905,1.077455791,0.09315691,,,,,,,,,,,,,,,,,,
180,2.822288567,7.311139909,1.060549241,0.095176552,3.040058448,7.949770275,1.077277705,0.093127364,,,,,,,,,,,,,,,,,,
181,2.822119726,7.31103157,1.060166912,0.095160695,3.039999845,7.949653025,1.077230425,0.093116084,,,,,,,,,,,,,,,,,,
182,2.821615932,7.309621709,1.060101559,0.095124527,3.039898328,7.948725506,1.077872594,0.093096883,,,,,,,,,,,,,,,,,,
183,2.821438188,7.309070392,1.060150582,0.09509359,3.040007469,7.948942342,1.078018946,0.093061119,,,,,,,,,,,,,,,,,,
184,2.821288166,7.30942643,1.059353776,0.095084292,3.03967828,7.948751912,1.077218382,0.093064546,,,,,,,,,,,,,,,,,,
185,2.82097302,7.308361709,1.059472579,0.095084772,3.039603569,7.947907464,1.077850243,0.093053001,,,,,,,,,,,,,,,,,,
186,2.820899883,7.308669143,1.058903249,0.095127258,3.039260775,7.948059581,1.076666513,0.09305623,,,,,,,,,,,,,,,,,,
187,2.820523729,7.307908875,1.058613948,0.095048364,3.039091701,7.947509732,1.07673671,0.09302866,,,,,,,,,,,,,,,,,,
188,2.820232339,7.307255728,1.058444887,0.094996402,3.0388788,7.947355175,1.076284669,0.092996556,,,,,,,,,,,,,,,,,,
189,2.819945248,7.306689192,1.058168006,0.094978545,3.038864009,7.946815561,1.076799853,0.092976614,,,,,,,,,,,,,,,,,,
190,2.819718728,7.306317699,1.057887864,0.09495062,3.038772002,7.946876269,1.076480527,0.09295921,,,,,,,,,,,,,,,,,,
191,2.819460854,7.305555801,1.057882645,0.094944117,3.038344853,7.946268153,1.075818637,0.09294777,,,,,,,,,,,,,,,,,,
192,2.819400692,7.304940498,1.058352907,0.094908673,3.038790551,7.945984389,1.077452948,0.092934315,,,,,,,,,,,,,,,,,,
193,2.819034994,7.30469642,1.057450473,0.094958089,3.038016432,7.944866202,1.076244833,0.092938259,,,,,,,,,,,,,,,,,,
194,2.818555769,7.303400414,1.057398934,0.094867958,3.037498531,7.944081587,1.075513667,0.092900339,,,,,,,,,,,,,,,,,,
195,2.818109241,7.302576934,1.05689776,0.09485303,3.037223055,7.943210746,1.075573807,0.092884613,,,,,,,,,,,,,,,,,,
196,2.817870691,7.301909866,1.056853191,0.094849015,3.037293046,7.943055526,1.075960522,0.09286309,,,,,,,,,,,,,,,,,,
197,2.817752717,7.301751696,1.056628233,0.094878222,3.037071795,7.943117334,1.075231896,0.092866154,,,,,,,,,,,,,,,,,,
198,2.81773657,7.301721502,1.056665953,0.094822254,3.037336508,7.942964055,1.076208199,0.09283727,,,,,,,,,,,,,,,,,,
199,2.817494289,7.300895079,1.056808354,0.094779433,3.037160724,7.942216327,1.076452708,0.092813138,,,,,,,,,,,,,,,,,,
200,2.816778901,7.299960929,1.055637962,0.094737813,3.03646564,7.941469318,1.075136785,0.092790816,,,,,,,,,,,,,,,,,,
201,2.816660388,7.299680422,1.055574459,0.094726283,3.036575387,7.941710577,1.0752301,0.092785482,,,,,,,,,,,,,,,,,,
202,2.816308437,7.299035181,1.055161627,0.094728503,3.036197528,7.941228276,1.074590479,0.092773829,,,,,,,,,,,,,,,,,,
203,2.816189169,7.298919418,1.054974781,0.094673308,3.036044646,7.94097803,1.074406976,0.092748933,,,,,,,,,,,,,,,,,,
204,2.815983457,7.298233252,1.055026517,0.094690601,3.035569569,7.939839458,1.07413387,0.092735378,,,,,,,,,,,,,,,,,,
205,2.815765367,7.29751754,1.055141582,0.094636977,3.035800983,7.939494526,1.075188464,0.092719961,,,,,,,,,,,,,,,,,,
206,2.815136182,7.296227792,1.054562982,0.094617772,3.03517004,7.938715421,1.074099503,0.092695197,,,,,,,,,,,,,,,,,,
207,2.815032261,7.296193616,1.05429011,0.094613056,3.035266367,7.939062719,1.074043205,0.092693179,,,,,,,,,,,,,,,,,,
208,2.814588442,7.295029709,1.054130261,0.094605355,3.034880995,7.937577473,1.074403737,0.092661776,,,,,,,,,,,,,,,,,,
209,2.814338805,7.294502944,1.053927433,0.094586038,3.034585728,7.937178531,1.073923697,0.092654957,,,,,,,,,,,,,,,,,,
210,2.814191839,7.293709442,1.054327189,0.094538886,3.034863451,7.936518341,1.075445134,0.092626877,,,,,,,,,,,,,,,,,,
211,2.814029087,7.294251863,1.053301766,0.094533631,3.034489415,7.937193531,1.073670592,0.092604122,,,,,,,,,,,,,,,,,,
212,2.813847981,7.293904915,1.053087246,0.094551784,3.034134597,7.93623047,1.073573629,0.092599693,,,,,,,,,,,,,,,,,,
213,2.813330267,7.292643374,1.052860591,0.094486836,3.034103309,7.936331175,1.073396225,0.092582529,,,,,,,,,,,,,,,,,,
214,2.813385115,7.292013976,1.053679917,0.094461451,3.034457638,7.935839308,1.07494628,0.092587327,,,,,,,,,,,,,,,,,,
215,2.812901341,7.291580404,1.052655086,0.094468533,3.033718557,7.935590544,1.073006023,0.092559105,,,,,,,,,,,,,,,,,,
216,2.812454786,7.290453622,1.052470743,0.094439993,3.03332647,7.934486584,1.072947325,0.092545501,,,,,,,,,,,,,,,,,,
217,2.812468656,7.290575977,1.052315084,0.094514908,3.033299431,7.93393701,1.073391827,0.092569455,,,,,,,,,,,,,,,,,,
218,2.811973795,7.289685714,1.051741783,0.094493888,3.032999292,7.933506028,1.072939115,0.092552732,,,,,,,,,,,,,,,,,,
219,2.811662822,7.289024799,1.051568225,0.094395444,3.032661061,7.932750749,1.072715052,0.092517381,,,,,,,,,,,,,,,,,,
220,2.81136149,7.288049847,1.051584758,0.094449866,3.032584566,7.931997103,1.073224572,0.092532024,,,,,,,,,,,,,,,,,,
221,2.811064083,7.287460353,1.051392685,0.09433921,3.032404943,7.931558241,1.073174063,0.092482524,,,,,,,,,,,,,,,,,,
222,2.810894955,7.287387139,1.050947484,0.094350243,3.03196492,7.930806929,1.072618312,0.092469518,,,,,,,,,,,,,,,,,,
223,2.810824177,7.287087535,1.051038178,0.094346818,3.031558799,7.930190306,1.07203511,0.092450981,,,,,,,,,,,,,,,,,,
224,2.810156846,7.285590126,1.050576031,0.094304381,3.031373837,7.929572454,1.072111503,0.092437556,,,,,,,,,,,,,,,,,,
225,2.810201771,7.285021958,1.051327509,0.094255847,3.031420459,7.928315003,1.073524957,0.092421416,,,,,,,,,,,,,,,,,,
226,2.809638446,7.284405324,1.050257352,0.094252663,3.031064695,7.928486038,1.072302294,0.092405751,,,,,,,,,,,,,,,,,,
227,2.809343959,7.283729741,1.050074206,0.094227931,3.030523666,7.927562228,1.071618694,0.092390077,,,,,,,,,,,,,,,,,,
228,2.809182458,7.283436276,1.04988659,0.094224509,3.030353735,7.927173774,1.071516883,0.092370548,,,,,,,,,,,,,,,,,,
229,2.809137526,7.283583302,1.04961543,0.094213844,3.030353656,7.927417042,1.071290138,0.092353789,,,,,,,,,,,,,,,,,,
230,2.808510113,7.282008701,1.049341634,0.094180003,3.030251397,7.926713298,1.071699335,0.092341559,,,,,,,,,,,,,,,,,,
231,2.808285195,7.281599767,1.049101673,0.094154144,3.030185366,7.926887829,1.071340537,0.092327733,,,,,,,,,,,,,,,,,,
232,2.807938691,7.280510626,1.049188097,0.094117349,3.029981426,7.925546105,1.072075083,0.092323088,,,,,,,,,,,,,,,,,,
233,2.807662058,7.28023406,1.048596629,0.094155486,3.029409116,7.925180506,1.070744857,0.092301985,,,,,,,,,,,,,,,,,,
234,2.807066081,7.278874474,1.048201303,0.094122466,3.028976901,7.923614536,1.071019814,0.092296353,,,,,,,,,,,,,,,,,,
235,2.806919411,7.278467436,1.048195896,0.094094902,3.028868708,7.923728621,1.07059429,0.092283212,,,,,,,,,,,,,,,,,,
236,2.806538234,7.277361718,1.048208427,0.094044558,3.028661321,7.923124239,1.070588526,0.092271196,,,,,,,,,,,,,,,,,,
237,2.806446703,7.277000614,1.048296429,0.094043065,3.028689003,7.922420925,1.071399393,0.09224669,,,,,,,,,,,,,,,,,,
238,2.806159181,7.276959042,1.047480437,0.094038066,3.028455304,7.922827562,1.070307847,0.092230503,,,,,,,,,,,,,,,,,,
239,2.805928316,7.276144978,1.047646921,0.09399305,3.028597799,7.92238885,1.071184629,0.092219918,,,,,,,,,,,,,,,,,,
240,2.805461222,7.275477063,1.046911744,0.09399486,3.028195933,7.922129158,1.070258331,0.09220031,,,,,,,,,,,,,,,,,,
241,2.80531853,7.27518229,1.046739597,0.094033703,3.027801443,7.92112452,1.070089705,0.092190105,,,,,,,,,,,,,,,,,,
242,2.805103982,7.274632863,1.046712127,0.093966956,3.027566346,7.920623489,1.069909827,0.092165722,,,,,,,,,,,,,,,,,,
243,2.804632126,7.273513749,1.046401326,0.093981303,3.027149908,7.919286706,1.070002725,0.092160294,,,,,,,,,,,,,,,,,,
244,2.804213674,7.27235372,1.046322958,0.093964344,3.026900488,7.918589302,1.069966299,0.092145864,,,,,,,,,,,,,,,,,,
245,2.803955062,7.271516988,1.046431731,0.093916466,3.026749428,7.917437918,1.070688207,0.092122159,,,,,,,,,,,,,,,,,,
246,2.803573777,7.271027998,1.045805106,0.093888228,3.02641072,7.917268998,1.06986053,0.092102631,,,,,,,,,,,,,,,,,,
247,2.80343197,7.270769041,1.04559023,0.093936638,3.026151768,7.916626317,1.069722774,0.092106213,,,,,,,,,,,,,,,,,,
248,2.803398976,7.270007316,1.04635157,0.093838041,3.026721937,7.916974615,1.071111394,0.092079803,,,,,,,,,,,,,,,,,,
249,2.802874518,7.269475845,1.045321987,0.093825722,3.026074369,7.916367477,1.069787533,0.092068096,,,,,,,,,,,,,,,,,,
