,train_mean,train_eiso,train_riso,train_vert,valid_mean,valid_eiso,valid_riso,valid_vert,
0,3.7185610188,9.1658271252,1.9180546327,0.0718012984,3.3605743817,8.4544995644,1.5555189388,0.071704642,
1,3.5700087318,8.779126151,1.859581235,0.0713188093,3.2118933925,8.0569212667,1.5075686453,0.0711902656,"(3, 4096, [64, 128, 256], 0.2, 1e-05)"
2,3.4255184576,8.4015205456,1.8041716008,0.0708632265,3.0666855425,7.6664701747,1.4628437277,0.0707427252,
3,3.288932841,8.0430529171,1.7532984429,0.070447163,2.9299279662,7.2958751778,1.4235786549,0.070330066,
4,3.1587850383,7.7013585865,1.7049102075,0.0700863208,2.8003878288,6.9447513561,1.3864607312,0.0699513991,
5,3.0319077771,7.3651431767,1.6608054235,0.0697747312,2.6744698452,6.5998176481,1.3539754829,0.0696164045,
6,2.9100016522,7.0394852472,1.6209878752,0.0695318342,2.5552154189,6.2689131215,1.3273735962,0.0693595389,
7,2.7923647699,6.723895206,1.583864609,0.0693344947,2.440530446,5.9497494526,1.3026898114,0.069152074,
8,2.6835677522,6.4292113919,1.5523550768,0.0691367879,2.3360100388,5.6564965073,1.2825771249,0.0689564843,
9,2.5772761261,6.1381366959,1.5247251675,0.0689665149,2.2350272912,5.3707891394,1.2654996671,0.0687930669,
10,2.4768162457,5.8617179977,1.4998691972,0.0688615421,2.1395667261,5.0979643955,1.252054737,0.0686810458,
11,2.385573108,5.610613103,1.4773615686,0.0687446522,2.0518779572,4.8471238905,1.239964635,0.0685453462,
12,2.2960507527,5.3615248485,1.4579955966,0.0686318131,1.9664037964,4.6016228642,1.2291723748,0.0684161501,
13,2.2164683022,5.1395448991,1.4413177304,0.068542277,1.8900203491,4.3814822912,1.2202685356,0.0683102206,
14,2.1392452423,4.9215424669,1.4277517811,0.0684414789,1.8171528803,4.1689739136,1.2143035447,0.0681811827,
15,2.0704455028,4.7268918342,1.4160648443,0.0683798298,1.7528336928,3.9794797275,1.2109196052,0.0681017458,
16,2.004505496,4.5394071496,1.4057857718,0.0683235665,1.6913437775,3.7962739247,1.2097295625,0.0680278453,
17,1.9438372125,4.3658971149,1.3973394757,0.0682750468,1.6357872797,3.6288956795,1.2105037878,0.0679623718,
18,1.8865744651,4.2007132462,1.3907682114,0.0682419376,1.5842666146,3.4721086997,1.2127738324,0.0679173116,
19,1.835348821,4.052869328,1.3849812169,0.0681959181,1.5383853826,3.3313025981,1.2159938685,0.0678596811,
20,1.7883857973,3.916732892,1.3802391414,0.0681853587,1.4969028489,3.2027246599,1.2201361269,0.0678477597,
21,1.7459972571,3.7930362984,1.3768126332,0.0681428396,1.4592864791,3.086127379,1.2239349332,0.0677971251,
22,1.7067554827,3.6775614895,1.3745930185,0.0681119401,1.4258593937,2.9827399103,1.2270810488,0.0677572221,
23,1.6712095384,3.5728398925,1.3726846284,0.0681040942,1.397181868,2.8922573579,1.2315419397,0.0677463063,
24,1.639640859,3.4792067477,1.3716349882,0.068080841,1.3712503339,2.8104276728,1.235613448,0.067709881,
25,1.6076866607,3.3840978944,1.3708966949,0.0680653926,1.344897103,2.7269400183,1.2400680527,0.0676832379,
26,1.5833112201,3.3114245446,1.3704596307,0.0680494848,1.3240683834,2.6609842018,1.2435682026,0.0676527459,
27,1.5620852076,3.2481466409,1.370076144,0.0680328378,1.3065787207,2.6048163875,1.2473005631,0.0676192113,
28,1.5421525454,3.1885648885,1.3698652531,0.0680274945,1.2901684361,2.5519741983,1.2509231366,0.0676079733,
29,1.5282926356,3.1469965496,1.3698610457,0.0680203115,1.2794379793,2.5154113955,1.2553099595,0.0675925829,
30,1.5132833367,3.1017598019,1.3700715163,0.0680186919,1.2672097493,2.4752201697,1.2588186915,0.0675903866,
31,1.5001291605,3.0620261715,1.3703528121,0.0680084978,1.2559961676,2.4388218982,1.2615972987,0.0675693059,
32,1.4849492441,3.0163068803,1.3705456983,0.0679951537,1.2425903943,2.3969978381,1.2632336548,0.0675396899,
33,1.4746250897,2.9849698845,1.3709034922,0.0680018923,1.2339035793,2.3684184,1.2657354339,0.067556904,
34,1.4655380077,2.9572855574,1.3713280713,0.0680003944,1.2261478164,2.3427678656,1.2681207786,0.067554805,
35,1.45933075,2.9381165269,1.3718793887,0.0679963344,1.221134352,2.3249953264,1.2708610246,0.0675467051,
36,1.4514427704,2.9140326433,1.3723090109,0.0679866571,1.2148200475,2.3038461796,1.273090344,0.067523619,
37,1.4472865498,2.9011052217,1.3727645339,0.0679898937,1.2118157488,2.2926227052,1.2752906977,0.0675338435,
38,1.4414631122,2.8833870636,1.373016489,0.067985784,1.2071471229,2.2772729268,1.27664369,0.0675247518,
39,1.4353965183,2.865093618,1.3731090053,0.0679869315,1.2021341589,2.2615398252,1.2773332392,0.0675294122,
40,1.4338069933,2.8600416299,1.3733882575,0.0679910924,1.2011998041,2.2572700061,1.2787878885,0.0675415177,
41,1.4268669686,2.8390182877,1.3736046447,0.0679779734,1.1954786171,2.2389788807,1.2799487656,0.067508205,
42,1.4257233738,2.835255921,1.3739347789,0.0679794215,1.1949678201,2.2357466349,1.2816427755,0.06751405,
43,1.4258796901,2.835382572,1.3742785573,0.0679779411,1.1956548765,2.2359745985,1.2834783163,0.0675117146,
44,1.4247024133,2.8320770069,1.3740572054,0.0679730275,1.19444545,2.2331461462,1.2826904739,0.06749973,
45,1.4197726474,2.8172105551,1.3741340882,0.0679732989,1.1902425941,2.2199323957,1.2832930786,0.0675023079,
46,1.4177024893,2.811249553,1.3738837151,0.0679741997,1.1882187178,2.2147745907,1.2823748988,0.067506664,
47,1.4172330847,2.80966041,1.374065496,0.067973348,1.1881543226,2.2134826971,1.28347416,0.0675061107,
48,1.4120637458,2.7940456535,1.374163507,0.0679820769,1.1837609521,2.1995721427,1.2841790232,0.0675316905,
49,1.4112037211,2.7918816566,1.3737604662,0.0679690406,1.1825914435,2.1977265001,1.2825500776,0.0674977529,
50,1.4100608359,2.7883003454,1.3739156383,0.067966524,1.1818673187,2.1945866429,1.2835228268,0.0674924863,
51,1.4078952929,2.7818615649,1.3738503256,0.0679739884,1.1799209687,2.1887779927,1.2834695303,0.0675153831,
52,1.4093318685,2.7858558385,1.3741642572,0.0679755098,1.1817643913,2.1925869788,1.2851848867,0.0675213085,
53,1.4088212937,2.7843081475,1.3741730186,0.067982715,1.1814320455,2.1912796605,1.2854754835,0.0675409925,
54,1.4030208676,2.7671391206,1.3739515271,0.0679719552,1.1759217916,2.1755603532,1.2846897252,0.0675152964,
55,1.4029783383,2.7673019597,1.3736642,0.0679688551,1.1756475145,2.1758388305,1.2835952006,0.0675085123,
56,1.3996984501,2.7575292575,1.3736018313,0.0679642614,1.1727120858,2.1670799922,1.2835587939,0.0674974714,
57,1.4008727883,2.7612769077,1.3733860002,0.0679554569,1.1736265705,2.1706117534,1.2827951407,0.0674728175,
58,1.4016998123,2.7637679624,1.3733803871,0.0679510873,1.1744881679,2.1729866861,1.2830173197,0.0674604978,
59,1.4049288445,2.7734174725,1.3734150312,0.0679540297,1.1776067628,2.1819121916,1.2834351754,0.0674729214,
60,1.4082263715,2.7832660836,1.3734643996,0.0679486313,1.1808521623,2.1911854713,1.283913929,0.0674570866,
61,1.4076578012,2.7813685332,1.373652331,0.0679525393,1.1806945505,2.189557485,1.2850530948,0.0674730718,
62,1.4071056737,2.7799224197,1.3734376765,0.0679569248,1.1800415366,2.1883347805,1.2843010702,0.0674887592,
63,1.4066637881,2.7788506862,1.3731884268,0.0679522511,1.1794439249,2.187467153,1.2833872367,0.0674773849,
64,1.4054645835,2.7753079437,1.3731291291,0.0679566776,1.1783848103,2.1842974733,1.2833646684,0.067492289,
65,1.405431514,2.7750297511,1.3733086305,0.0679561604,1.1787097557,2.1841658291,1.2844704025,0.0674930355,
66,1.4080935832,2.7829427873,1.3733795619,0.0679584006,1.181385082,2.1916133524,1.2850404427,0.0675014508,
67,1.4050316862,2.773723074,1.3734146079,0.0679573768,1.1787170395,2.1831950267,1.2854553216,0.0675007702,
68,1.4027350538,2.7670076034,1.3732421871,0.0679553708,1.1765110041,2.1771253085,1.284910477,0.0674972268,
69,1.401530742,2.7636774933,1.3729688524,0.0679458802,1.1751920007,2.1742106187,1.2838934787,0.0674719046,
70,1.401775185,2.7647989681,1.3725867422,0.0679398447,1.1750473689,2.175332334,1.2823554311,0.0674543416,
71,1.4015560616,2.7641152687,1.3726106366,0.0679422796,1.1750124871,2.174837276,1.2827348656,0.0674653197,
72,1.3996149968,2.7585088283,1.3723985938,0.0679375683,1.1731148789,2.1698893874,1.2820030945,0.0674521549,
73,1.3974161246,2.7517819026,1.3725080263,0.0679584449,1.1713969905,2.1638803929,1.2827945552,0.0675160233,
74,1.3997469124,2.758367524,1.3729045081,0.0679687051,1.1741412815,2.169998644,1.2848832008,0.0675419998,
75,1.4012537084,2.7629195596,1.3728829024,0.0679586632,1.1755919019,2.1742275005,1.285027614,0.067520591,
76,1.4010178177,2.7621658509,1.3729322956,0.0679553067,1.1755627787,2.1736503612,1.285524011,0.0675139639,
77,1.3988702053,2.7559373414,1.3727264616,0.0679468131,1.1734694798,2.1681048157,1.2848108015,0.0674928222,
78,1.4011948082,2.763129098,1.3724947116,0.067960615,1.1754254262,2.1747367309,1.2840091699,0.0675303777,
79,1.4019736787,2.7653479021,1.3726252301,0.067947904,1.1764013746,2.1768455406,1.2848581936,0.0675003896,
80,1.3992229408,2.7569361899,1.372782142,0.0679504906,1.1742489147,2.169353398,1.2858839608,0.0675093852,
81,1.4054134161,2.7760261654,1.3722770318,0.0679370512,1.1793803182,2.1868817428,1.2837848441,0.0674743676,
82,1.4039635131,2.7718196077,1.3721389777,0.0679319538,1.1779872855,2.1830948043,1.2834058661,0.0674611862,
83,1.4074103519,2.7820956086,1.3722043821,0.0679310651,1.1813591303,2.1926495276,1.2839667673,0.067461096,
84,1.4053030271,2.7758306839,1.3721440038,0.0679343937,1.1794851773,2.1870291622,1.2839526625,0.0674737073,
85,1.4004749553,2.7611180237,1.372368273,0.0679385693,1.1754836425,2.1736837259,1.2852794808,0.0674877209,
86,1.3977936219,2.7531079562,1.3723345065,0.067938403,1.1731533196,2.1665816001,1.2853888164,0.0674895423,
87,1.3949126717,2.7445647406,1.3722370049,0.0679362697,1.1704975277,2.158804822,1.285201907,0.0674858541,
88,1.3954791214,2.7465493925,1.3719425621,0.0679454097,1.1707969669,2.1607776057,1.2841007094,0.0675125856,
89,1.3982362414,2.7545317877,1.3722242597,0.0679526768,1.1738330338,2.1682588615,1.2857091451,0.0675310947,
90,1.3979147677,2.7538587045,1.3719413923,0.0679442063,1.1733046502,2.1677577251,1.2846427962,0.0675134292,
91,1.399709463,2.7590816461,1.3721126529,0.06793409,1.1752678533,2.1725676136,1.2857470148,0.0674889316,
92,1.4040685635,2.7719891224,1.372278333,0.0679382351,1.1795801158,2.1844516475,1.2867863675,0.0675023323,
93,1.402859693,2.7685792164,1.372064499,0.0679353637,1.1783307705,2.1814287246,1.2860666885,0.0674968984,
94,1.4031611735,2.7696948424,1.3718592478,0.0679294304,1.178479375,2.1825833085,1.2853720505,0.0674827661,
95,1.4017373833,2.7655737849,1.3717051763,0.0679331887,1.1771128833,2.1789219395,1.2849211619,0.0674955485,
96,1.4010993019,2.7638450872,1.3715244137,0.0679284048,1.1764268815,2.1774568562,1.2843391077,0.0674846805,
97,1.3990315312,2.7575494447,1.3716118023,0.0679333467,1.1748227122,2.1719107002,1.2850571711,0.0675002653,
98,1.397832389,2.753864013,1.3717052598,0.0679278943,1.173996971,2.168707923,1.2857947871,0.0674882028,
99,1.4015742045,2.765110194,1.3716877761,0.0679246434,1.1774833159,2.178977057,1.2859912004,0.0674816904,
100,1.4047309676,2.7741764138,1.3720904065,0.0679260823,1.180957242,2.1873961771,1.287987273,0.067488276,
101,1.4042619246,2.7729504412,1.371906761,0.0679285716,1.1804596415,2.1863952366,1.2874865976,0.0674970904,
102,1.4024285929,2.767667218,1.371695145,0.0679234157,1.1786741214,2.1816801376,1.2868564367,0.0674857898,
103,1.4009300461,2.7632713229,1.3715811543,0.0679376609,1.177304279,2.1777510913,1.2866391217,0.0675226239,
104,1.3998575991,2.7598337995,1.3718098264,0.0679291715,1.1767077618,2.1747604994,1.2878573004,0.0675054856,
105,1.3990960979,2.7581299317,1.3712344504,0.0679239117,1.1754994764,2.1733486636,1.2856550917,0.0674946738,
106,1.3992288179,2.7582634373,1.3715088729,0.0679141435,1.1760674547,2.173595615,1.2871363281,0.0674704208,
107,1.3969264396,2.7514850831,1.3713907588,0.067903477,1.1739901904,2.1676158359,1.2869127286,0.0674420067,
108,1.4006787036,2.7630104205,1.3711169969,0.0679086934,1.1771959789,2.1781255931,1.28600186,0.0674604836,
109,1.3982146327,2.7552636164,1.3714588664,0.0679214154,1.1754894033,2.171247195,1.2877231886,0.0674978263,
110,1.3997756303,2.759913416,1.3714779348,0.0679355402,1.1770333136,2.1755219927,1.2880460427,0.0675319055,
111,1.3981427609,2.755893513,1.3706109559,0.067923814,1.1747077529,2.1720291471,1.2845863108,0.0675078008,
112,1.3978571096,2.75557151,1.3700831746,0.0679166442,1.1739378548,2.1718575984,1.282462803,0.067493163,
113,1.4009051013,2.7646883442,1.3701154635,0.0679114962,1.1768951053,2.1802852114,1.2829176035,0.067482501,
114,1.4013721776,2.7660886525,1.3701200002,0.0679078801,1.177467261,2.1816853832,1.2832407987,0.0674756011,
115,1.4014930603,2.7663093148,1.370266523,0.0679033431,1.1779029529,2.1820211949,1.2842218517,0.067465812,
116,1.4000403642,2.7619008226,1.3703145616,0.0679057084,1.1767863001,2.1781164757,1.2847669646,0.0674754599,
117,1.4039701053,2.7735196031,1.3704949488,0.0678957641,1.1806959767,2.188793688,1.2858434505,0.0674507917,
118,1.4019077597,2.7678198318,1.3700128771,0.06789057,1.1783950951,2.1837708581,1.2839747267,0.0674397005,
119,1.4012031911,2.7659757655,1.3697423309,0.067891477,1.1775781842,2.1822194541,1.2830693128,0.0674457857,
120,1.3994581098,2.7610370281,1.369440293,0.0678970083,1.1757707722,2.1778118603,1.2820357964,0.0674646597,
121,1.401715812,2.7672722983,1.3699800563,0.0678950815,1.178637819,2.1836141478,1.2848368369,0.0674624724,
122,1.4049255536,2.7769000506,1.3699795681,0.0678970422,1.1817031021,2.1924748291,1.2851632821,0.0674711952,
123,1.4026063071,2.7703681125,1.3695559417,0.0678948669,1.1792426155,2.1866694987,1.2835897256,0.0674686222,
124,1.3997657063,2.7621143868,1.3692977801,0.0678849519,1.17650231,2.1793058259,1.2827569197,0.0674441844,
125,1.3965166755,2.752393775,1.3692744403,0.0678818112,1.1736793512,2.1705960685,1.2830029586,0.0674390266,
126,1.3943869643,2.7458368962,1.3694217437,0.0679022532,1.1721023309,2.1647783667,1.2840333029,0.0674953229,
127,1.3952673557,2.7487054939,1.3691950679,0.0679015052,1.1727833539,2.1675222052,1.2833318883,0.0674959681,
128,1.3947542055,2.7475786168,1.3687974914,0.0678865083,1.1719907641,2.1666342855,1.2818762973,0.0674617094,
129,1.3952072001,2.7492950208,1.3684463331,0.0678802463,1.1721441591,2.1683362383,1.2806487385,0.0674475006,
130,1.3979563158,2.7573328804,1.3686553178,0.0678807491,1.1750501813,2.1757835047,1.2819146744,0.0674523647,
131,1.4001552857,2.7640050919,1.3685854764,0.0678752887,1.1771229378,2.1819831223,1.281945489,0.067440202,
132,1.3990208428,2.7602448588,1.3689353684,0.0678823012,1.1766905668,2.1787121066,1.2838966403,0.0674629535,
133,1.3940769494,2.7455218505,1.3688309707,0.0678780269,1.1722284599,2.1654509477,1.2837796151,0.067454817,
134,1.3954288343,2.7500063027,1.3683982184,0.0678819817,1.173097447,2.1696429876,1.2821802471,0.0674691064,
135,1.3976890409,2.7568993403,1.368287553,0.0678802293,1.1751922843,2.1760618433,1.2820467242,0.0674682855,
136,1.3986403576,2.7594222165,1.3686124831,0.0678863733,1.1766274468,2.1785182154,1.2838780806,0.0674860445,
137,1.3915433084,2.7386361715,1.3681228608,0.0678708928,1.1697726225,2.1597744489,1.2820923072,0.0674511115,
138,1.3935954758,2.7449142131,1.368012738,0.0678594764,1.1716577016,2.1655782588,1.2819717707,0.0674230752,
139,1.3967343671,2.7540527351,1.3682798861,0.0678704802,1.1749800345,2.1739678442,1.2835146109,0.0674576485,
140,1.3965702774,2.7539429419,1.3678865283,0.0678813619,1.1745481794,2.1740117835,1.2821461536,0.0674866011,
141,1.395542222,2.7508695699,1.3678944176,0.0678626787,1.1737775496,2.1713376964,1.2825510958,0.0674438567,
142,1.3937357227,2.7457875933,1.3675647392,0.0678548355,1.1719297654,2.1668941186,1.2814691521,0.0674260255,
143,1.3998390751,2.7639839505,1.3676663256,0.0678669492,1.1777944834,2.183650042,1.2822704764,0.0674629319,
144,1.4029863816,2.7732157815,1.3678794356,0.0678639276,1.1810993283,2.1922896841,1.2835493798,0.067458921,
145,1.396738459,2.7551053629,1.3672323397,0.0678776745,1.1747752202,2.1757068704,1.2811257,0.0674930902,
146,1.3956038324,2.7519113497,1.3670310603,0.0678690871,1.173668314,2.1729047643,1.280622893,0.0674772846,
147,1.3957800772,2.7527039563,1.3667649033,0.067871372,1.1737070204,2.1737854782,1.2798498971,0.0674856859,
148,1.3941759333,2.748475347,1.3661933876,0.0678590654,1.1717259168,2.1700485227,1.277667902,0.0674613257,
149,1.3947828962,2.7503096195,1.366191377,0.0678476922,1.1724494369,2.1718532269,1.2780598588,0.0674352249,
150,1.3952192821,2.7518824674,1.3659349891,0.06784039,1.1727207614,2.1734487401,1.2772949013,0.0674186426,
151,1.4006881924,2.7679729351,1.3662542392,0.0678374028,1.1783623679,2.1885290085,1.2791437942,0.0674143011,
152,1.4012749301,2.7696421468,1.366345482,0.0678371616,1.1791989503,2.1902037686,1.2799752484,0.0674178338,
153,1.3985394502,2.7613983558,1.3663838992,0.0678360957,1.1769183664,2.1827671077,1.2805691129,0.0674188787,
154,1.3933581228,2.7460582645,1.3661782571,0.0678378468,1.1720597086,2.1686819376,1.2800694235,0.0674277648,
155,1.3948109917,2.7500317661,1.3665773156,0.0678238934,1.173990754,2.172453753,1.2821257846,0.0673927245,
156,1.394963851,2.7498977871,1.367159178,0.0678345878,1.1749258884,2.1725083466,1.2848418754,0.0674274431,
157,1.3906614533,2.7374742739,1.3666718726,0.0678382134,1.1707319994,2.1615005934,1.2832542225,0.0674411824,
158,1.3880009237,2.7294819753,1.3666801856,0.0678406103,1.1685577577,2.1545550147,1.2836671668,0.0674510917,
159,1.3862956318,2.7248745574,1.3661726814,0.0678396565,1.1666519862,2.150529597,1.2819737511,0.0674526105,
160,1.3902534927,2.7371821755,1.3657561594,0.0678221433,1.1699125685,2.1616591251,1.2806664565,0.067412124,
161,1.3879032703,2.7305001379,1.3653860664,0.0678236065,1.167620292,2.1558979216,1.279541348,0.0674216065,
162,1.3889193291,2.7338650136,1.3650737595,0.0678192144,1.1683571302,2.1590375324,1.2786194252,0.0674144329,
163,1.3831439223,2.7163593982,1.3652531524,0.0678192164,1.1635472261,2.1433719547,1.2798505047,0.0674192189,
164,1.3840546854,2.7194209394,1.3649385534,0.0678045635,1.1642204724,2.1463268299,1.2789512733,0.0673833141,
165,1.3890837056,2.734363464,1.3650777303,0.0678099224,1.1690866066,2.1598857385,1.2799705779,0.0674035035,
166,1.3890120443,2.7344968191,1.3647308661,0.0678084476,1.1688310519,2.1601381437,1.2789505808,0.0674044311,
167,1.3896695209,2.7369054679,1.3642933415,0.0678097535,1.1691052532,2.1623876769,1.2775149071,0.0674131755,
168,1.3930862868,2.7468698079,1.3645740142,0.0678150383,1.1727449648,2.1715919474,1.2792116817,0.0674312654,
169,1.3918475088,2.7434687611,1.3642716141,0.067802151,1.1714459324,2.1685344177,1.2784009969,0.0674023825,
170,1.3969535073,2.758706487,1.3643560253,0.0677980097,1.176530125,2.1829939092,1.2792005477,0.0673959182,
171,1.4010959576,2.7709267893,1.3645672617,0.0677938219,1.1807546339,2.1944225745,1.2804519163,0.0673894109,
172,1.4022236063,2.7746457612,1.3642273243,0.0677977333,1.1816435167,2.1979850706,1.2795396441,0.0674058353,
173,1.3982412299,2.7627601006,1.364177258,0.0677863311,1.1781444509,2.1872788789,1.2797748902,0.0673795835,
174,1.3914015394,2.7422574577,1.3641528171,0.0677943434,1.171930734,2.168279525,1.2801058361,0.0674068409,
175,1.3888458892,2.7344614473,1.364287353,0.0677888674,1.1699748442,2.1614292567,1.2810976767,0.0673975993,
176,1.3891402092,2.7351004478,1.3645263373,0.0677938423,1.1706935157,2.1621638244,1.282501139,0.0674155837,
177,1.3895810269,2.7374822393,1.3634782697,0.0677825718,1.1702208088,2.1644649957,1.2788058441,0.0673915865,
178,1.3873865277,2.7308205907,1.3635495965,0.0677893959,1.1685517867,2.1587036982,1.2795370489,0.0674146129,
179,1.389659463,2.738185308,1.363013952,0.067779129,1.170241305,2.1654506086,1.2778794511,0.0673938552,
180,1.3912528316,2.7426335748,1.3633458943,0.0677790257,1.1722759058,2.1697783546,1.2796502488,0.0673991141,
181,1.3891395305,2.7358709202,1.3637602151,0.0677874562,1.1709769405,2.1637353891,1.2817714333,0.0674239991,
182,1.3861623423,2.7276875825,1.363030213,0.0677692313,1.1677606058,2.1565476083,1.2793492333,0.0673849757,
183,1.3920034524,2.745455081,1.3627846411,0.0677706351,1.1730566182,2.1729408111,1.2788347009,0.0673943427,
184,1.3917570141,2.7443981018,1.3630965014,0.0677764391,1.1733636637,2.1721175183,1.2805599123,0.0674135603,
185,1.3923154588,2.7457955627,1.3633914677,0.067759346,1.1743984984,2.1736261835,1.282192466,0.0673768456,
186,1.3909522362,2.7418235325,1.3632731731,0.0677600029,1.173234176,2.1700930935,1.2822253189,0.0673841155,
187,1.3852622027,2.7255072888,1.3625278684,0.0677514509,1.1675238241,2.155383678,1.2798208497,0.0673669447,
188,1.3823620639,2.7177918949,1.3615465102,0.0677477865,1.1641609244,2.1486704587,1.2764484521,0.0673638624,
189,1.3873783735,2.7324617954,1.3619254544,0.0677478708,1.1693068268,2.1620755854,1.2784738075,0.0673710876,
190,1.3820808975,2.7165385749,1.3619489049,0.0677552127,1.1647864183,2.1478909942,1.2790725868,0.067395674,
191,1.3801905601,2.710919953,1.3619063022,0.067745425,1.1632551682,2.1429863926,1.2794017118,0.0673774003,
192,1.3884718515,2.7360877095,1.3615889173,0.0677389277,1.1706497296,2.1659334232,1.2786492358,0.0673665299,
193,1.3897360881,2.7395292303,1.3619440448,0.0677349892,1.172397771,2.1692925777,1.2805382316,0.0673625038,
194,1.3841411384,2.7228332429,1.3618584914,0.0677316808,1.1674320373,2.1542264057,1.280709104,0.0673606024,
195,1.3807062926,2.7134924052,1.3609055863,0.0677208863,1.1636161585,2.1459814046,1.2775290312,0.0673380396,
196,1.3812780058,2.715066475,1.3610420196,0.0677255228,1.1645170137,2.1476002492,1.2785922014,0.0673585903,
197,1.3849664665,2.7267988484,1.3603688248,0.0677317263,1.1674412482,2.1584881273,1.2764555789,0.0673800382,
198,1.3857580509,2.7291072047,1.3604378534,0.0677290946,1.1684797443,2.1607836224,1.2772757362,0.0673798741,
199,1.3844447202,2.7257382,1.3598910403,0.0677049201,1.1669712824,2.1579532065,1.2756361047,0.0673245361,
200,1.3874176769,2.7347398659,1.3598142473,0.0676989174,1.1698705978,2.1663711469,1.2759250969,0.0673155494,
201,1.3820813838,2.7188996633,1.3596546684,0.0676898196,1.165100395,2.1521060084,1.2759000016,0.0672951752,
202,1.3833889379,2.7227844602,1.3596930617,0.0676892918,1.1666044201,2.1558715757,1.2766381547,0.0673035299,
203,1.3873751937,2.7349939915,1.3594431896,0.0676883999,1.1702538161,2.1672181978,1.2762331445,0.0673101062,
204,1.3874132124,2.7351655777,1.3593815214,0.0676925381,1.1705161894,2.1676133457,1.2766051346,0.067330088,
205,1.3886834213,2.7395551236,1.3588097672,0.067685373,1.1713812093,2.1718963171,1.274928689,0.0673186219,
206,1.3911712458,2.7470184081,1.3588057133,0.067689616,1.1739896418,2.1790802009,1.2755502633,0.0673384612,
207,1.3874532605,2.7357183131,1.3589647348,0.0676767335,1.1709818781,2.1688554819,1.2767778093,0.0673123432,
208,1.3867156166,2.7334706039,1.3589998572,0.0676763887,1.1706040933,2.1670059988,1.2774859598,0.0673203214,
209,1.3850023158,2.7294599174,1.3578771412,0.0676698888,1.1681883833,2.1635116579,1.2737421795,0.0673113125,
210,1.3789939478,2.7113677826,1.3579352187,0.0676788421,1.1630707032,2.1471814511,1.2746884391,0.0673422193,
211,1.3762988421,2.7034413363,1.3577757986,0.0676793914,1.1607114314,2.1400756127,1.2747074833,0.0673511982,
212,1.3799910566,2.7147043861,1.3575806231,0.0676881605,1.1642294024,2.1507305521,1.2745810349,0.0673766202,
213,1.3823960835,2.7222241898,1.3572937545,0.0676703062,1.1664351851,2.1578390616,1.2741207069,0.0673457869,
214,1.3862935707,2.7342518584,1.3569756979,0.0676531559,1.170000801,2.1691498142,1.2735395759,0.067313013,
215,1.3855434677,2.7318924522,1.3570883212,0.0676496297,1.1697050391,2.1671941864,1.2746079665,0.0673129643,
216,1.3835635467,2.7267135674,1.356344272,0.0676328008,1.1674134549,2.1625954873,1.2723681352,0.0672767423,
217,1.3806118129,2.7177573042,1.356459997,0.0676181374,1.1651350599,2.1546504567,1.2735135412,0.0672411817,
218,1.382252379,2.722247202,1.3568855842,0.0676243507,1.1673547135,2.1589976075,1.2757929504,0.0672735825,
219,1.3875544399,2.7386871242,1.3563464621,0.0676297335,1.1720489609,2.1744198348,1.2744282207,0.067298827,
220,1.3866728445,2.7366763626,1.3557113498,0.0676308209,1.1709509697,2.1728251195,1.272717478,0.0673103116,
221,1.3822635683,2.7239007139,1.3552618705,0.0676281206,1.1667223688,2.161197234,1.2716576553,0.0673122169,
222,1.3850375938,2.7322832111,1.3552211912,0.0676083789,1.1695914135,2.1692955509,1.2722061939,0.0672724958,
223,1.3843353741,2.7300937902,1.3553061658,0.0676061665,1.169347029,2.1675489859,1.2732148525,0.0672772486,
224,1.380479885,2.7185031607,1.3553233767,0.0676131175,1.1661351788,2.1570690372,1.2740331073,0.0673033919,
225,1.3815588767,2.721207415,1.3558543392,0.0676148761,1.1678970449,2.1597504378,1.2766256489,0.0673150481,
226,1.3778061002,2.7107093236,1.3551301101,0.0675788668,1.1641270493,2.1504365321,1.2747129481,0.0672316676,
227,1.3793917654,2.715627513,1.3549792996,0.0675684835,1.1657601434,2.1552029775,1.2748668959,0.0672105569,
228,1.3800810921,2.7185461337,1.3541344698,0.0675626727,1.1659142987,2.1580775513,1.272459919,0.0672054257,
229,1.3827013752,2.7268378943,1.3536973299,0.0675689013,1.1682668107,2.1659961525,1.2715654709,0.0672388086,
230,1.3870352049,2.740801089,1.3527475979,0.0675569278,1.1716208021,2.1790010554,1.2686463902,0.0672149608,
231,1.3847475416,2.7339225392,1.3527641519,0.0675559335,1.1699121539,2.1730004359,1.2695113465,0.0672246793,
232,1.3788666207,2.7164836845,1.3525584816,0.0675576961,1.1646431053,2.1571786997,1.2695077198,0.0672428965,
233,1.3782969224,2.7147146557,1.3526124191,0.0675636924,1.1645495437,2.1558306513,1.2705499831,0.0672679967,
234,1.3766374796,2.7101151508,1.3522438171,0.0675534709,1.163009878,2.1518389695,1.2699367799,0.0672538847,
235,1.3795561695,2.7194259246,1.3517048218,0.0675377621,1.1655067444,2.1606252051,1.2686701398,0.0672248884,
236,1.3816373084,2.7260639769,1.351325229,0.0675227194,1.1674168702,2.1670309677,1.2680260786,0.0671935642,
237,1.3809883445,2.7239018287,1.3515539123,0.0675092924,1.1674046655,2.1653100515,1.2697395733,0.0671643717,
238,1.3780944716,2.7156706134,1.3511093018,0.0675034997,1.1646467772,2.1578878682,1.268890093,0.0671623703,
239,1.375063926,2.7065438887,1.3511477538,0.0675001357,1.1622798373,2.1497867309,1.2698830405,0.0671697405,
240,1.3769404109,2.7119730826,1.3513376197,0.0675105304,1.1645445762,2.1550076708,1.271409574,0.0672164837,
241,1.3766562071,2.7113440909,1.3511284088,0.0674961217,1.1644350694,2.1546552895,1.2714598038,0.0671901148,
242,1.3725363959,2.699526592,1.3506006245,0.0674819713,1.1605142693,2.144022183,1.2703581326,0.0671624923,
243,1.3719427172,2.6982461505,1.3501080474,0.0674739537,1.159864821,2.1430663196,1.269374353,0.0671537904,
244,1.3724015676,2.6999351187,1.349802937,0.0674666469,1.1603623184,2.144870965,1.2690682376,0.0671477526,
245,1.3693252673,2.692046877,1.3484628616,0.0674660633,1.1565663528,2.1376938735,1.2648416347,0.0671635501,
246,1.371350092,2.6979591586,1.3486335842,0.0674575331,1.1590309048,2.1434864191,1.2664517889,0.0671545063,
247,1.3737304487,2.7055759508,1.3481748376,0.0674405578,1.1611635641,2.150795467,1.265577204,0.0671180213,
248,1.3702873645,2.694671361,1.3487512533,0.0674394792,1.1589129089,2.1409391224,1.2686644086,0.0671351956,
249,1.3738445261,2.7058278423,1.348267513,0.0674382231,1.1621455473,2.1515176388,1.2677694327,0.0671495705,
250,1.3763958263,2.7132466781,1.3485027739,0.067438027,1.1651154998,2.1586725541,1.2695083197,0.0671656255,
251,1.3741354977,2.7079615621,1.347012269,0.067432662,1.1620052906,2.1539545097,1.2648947819,0.0671665803,
252,1.3746796392,2.7095341504,1.3470741646,0.0674306026,1.1629805594,2.1557021743,1.2660633461,0.0671761577,
253,1.3702215322,2.6962255935,1.3470110894,0.0674279136,1.1591955355,2.1436177095,1.2667846866,0.0671842106,
254,1.3746985809,2.7106428991,1.3460408992,0.0674119443,1.1628522903,2.1572969729,1.2640998795,0.0671600185,
255,1.3717733105,2.702055533,1.3458681212,0.0673962774,1.160393747,2.1495619035,1.2644840184,0.0671353191,
256,1.3729829965,2.7059815985,1.3455802149,0.0673871761,1.1616712847,2.1534718163,1.2644141682,0.0671278695,
257,1.3767113303,2.7172725871,1.3454854571,0.0673759466,1.1655082526,2.1643597079,1.2650499924,0.0671150575,
258,1.3751298999,2.7125010616,1.3455156412,0.0673729967,1.1644876498,2.1601598758,1.2661795855,0.0671234881,
259,1.3713387898,2.7017997164,1.3448469293,0.0673697236,1.160740057,2.1503332394,1.2647551815,0.0671317502,
260,1.3716991562,2.7032733488,1.3444629554,0.0673611645,1.1611490317,2.1519375717,1.2643833213,0.0671262022,
261,1.3745087233,2.7129053912,1.3432832933,0.0673374853,1.1631381186,2.1613399802,1.2609934651,0.0670809106,
262,1.367773157,2.6934061848,1.3425792282,0.067334058,1.1565660728,2.1431650086,1.2594414451,0.0670917648,
263,1.3697457921,2.6996583212,1.3422359168,0.0673431383,1.1585723503,2.1492907743,1.2592933956,0.0671328811,
264,1.368199485,2.6951645657,1.342110581,0.0673233083,1.1574736009,2.1453392467,1.2599826597,0.0670988964,
265,1.3659910945,2.6893144382,1.3413524148,0.0673064306,1.1551119709,2.1400551543,1.2582074525,0.0670733059,
266,1.3649741957,2.6859985314,1.3416317645,0.0672922914,1.1549030087,2.1371991207,1.260456305,0.0670536004,
267,1.3705084904,2.7024282427,1.3418092548,0.0672879737,1.1607653419,2.1530118505,1.262222917,0.067061258,
268,1.3701479992,2.7015693192,1.3416008147,0.0672738638,1.1606895875,2.1524524951,1.2625722395,0.0670440281,
269,1.3715299456,2.7057844537,1.3415564594,0.0672489237,1.16238075,2.1567725295,1.2633784413,0.0669912792,
270,1.3657805264,2.6897686313,1.3403247582,0.0672481897,1.156371722,2.1418254358,1.2602725404,0.06701719,
271,1.3673586845,2.6946545603,1.3401638967,0.0672575964,1.1582135961,2.1467148139,1.2608628553,0.067063119,
272,1.3642684938,2.6856107522,1.3399437661,0.067250963,1.15552238,2.1383640398,1.2611367788,0.0670663215,
273,1.3696564104,2.7025659318,1.3391685927,0.0672347066,1.1604604225,2.1547648234,1.2595707464,0.0670456977,
274,1.3665876867,2.6941798445,1.3383503813,0.0672328343,1.1572802568,2.146993652,1.2577860201,0.0670610982,
275,1.3738119855,2.7166020888,1.3376336211,0.0672002467,1.1640044754,2.1687055334,1.2563085064,0.0669993864,
276,1.3734320351,2.7155943502,1.3375142648,0.0671874902,1.1640275714,2.1680699183,1.2570241369,0.0669886589,
277,1.3660214589,2.694392218,1.3364846715,0.0671874873,1.1564404768,2.1479569398,1.2543530918,0.067011399,
278,1.3676737419,2.6991284311,1.3367163289,0.0671764659,1.1587773846,2.1528284089,1.2564977977,0.0670059473,
279,1.3686523873,2.7031449503,1.3356640164,0.0671481951,1.1592774741,2.1569907894,1.2538862443,0.0669553885,
280,1.3617644477,2.6823489748,1.3357964701,0.0671478982,1.1532528274,2.1371643891,1.2556158811,0.066978212,
281,1.3643653296,2.6904257552,1.3355222118,0.0671480217,1.1560104901,2.1452282242,1.2558015669,0.0670016792,
282,1.3650425405,2.6925380563,1.3354646065,0.0671249588,1.1570689695,2.1475036144,1.2567357531,0.0669675409,
283,1.366429741,2.6980370309,1.3341468023,0.06710539,1.1578545748,2.1531422354,1.2534804679,0.0669410211,
284,1.3642476882,2.6924510024,1.3332016607,0.0670904015,1.1554023909,2.1479551147,1.2513242029,0.0669278551,
285,1.364878563,2.6945215409,1.3330389935,0.0670751547,1.1564250933,2.150274243,1.2520865468,0.06691449,
286,1.3673104753,2.7016814077,1.3331918055,0.0670582126,1.1594480566,2.1575892652,1.2538583801,0.0668965245,
287,1.3659557507,2.6985686071,1.3322462901,0.0670523548,1.1578824592,2.1548691674,1.2518708653,0.066907345,
288,1.3638923861,2.6928020661,1.3318192427,0.0670558495,1.1560335621,2.1494879369,1.251672334,0.0669404155,
289,1.360115396,2.6821848603,1.3311163912,0.0670449365,1.1523188499,2.1394616744,1.2505556755,0.0669391997,
290,1.3613754389,2.6868607765,1.3302506388,0.0670149013,1.1533323206,2.1442195678,1.2488847465,0.0668926474,
291,1.3609600112,2.6862014021,1.3296829716,0.0669956601,1.1529930393,2.1438708744,1.248237751,0.0668704923,
292,1.3635145646,2.6942234759,1.3293464503,0.0669737677,1.1557574064,2.1520298492,1.2484005824,0.0668417878,
293,1.3720453689,2.7192555873,1.3299298695,0.0669506499,1.165011654,2.17656526,1.2516620876,0.0668076144,
294,1.373730839,2.7243035581,1.3299502967,0.066938662,1.1671676863,2.1816900921,1.2530055514,0.0668074155,
295,1.373044212,2.7230775528,1.3291280418,0.0669270415,1.1664247207,2.1808709348,1.2515947941,0.0668084331,
296,1.3616660669,2.6906588778,1.3274295723,0.0669097506,1.1545787042,2.149674723,1.2472659056,0.0667954841,
297,1.3649326083,2.7003347101,1.3275660309,0.0668970839,1.1584265993,2.1594382522,1.2490471587,0.066794387,
298,1.3634128278,2.6960998501,1.3272514435,0.0668871899,1.1572399779,2.15557886,1.249342516,0.0667985577,
299,1.3592116951,2.684435323,1.3263272037,0.0668725587,1.1529129434,2.1442946375,1.2476539335,0.0667902594,
300,1.3567644413,2.6775446704,1.325887008,0.0668616454,1.1507437117,2.1378752612,1.2475633724,0.0667925014,
301,1.3592948617,2.6860450942,1.3249830433,0.0668564476,1.1530639872,2.1464390911,1.2459447487,0.0668081219,
302,1.3559627221,2.6770205267,1.3240349613,0.0668326782,1.1496294467,2.137920446,1.2441868582,0.0667810361,
303,1.3534163221,2.6699995245,1.323437462,0.0668119798,1.1472663237,2.13136665,1.2436704156,0.0667619055,
304,1.3603284275,2.6913520255,1.3228467467,0.0667865103,1.1541572238,2.1525483149,1.2431904554,0.0667329011,
305,1.3676321641,2.7137199331,1.322400453,0.0667761061,1.1615067838,2.1746258792,1.243154943,0.0667395293,
306,1.3623815151,2.6988621801,1.3215420015,0.0667403638,1.1562836227,2.1603867952,1.2417767178,0.0666873552,
307,1.3580805085,2.6860780867,1.3214500322,0.0667134067,1.152584798,2.1480833174,1.2430191383,0.0666519384,
308,1.3634038195,2.7016003168,1.3219163473,0.0666947946,1.1587227274,2.1636506259,1.2458774136,0.0666401425,
309,1.3616328034,2.6970374571,1.3211860671,0.066674886,1.1570326502,2.15950171,1.2449703347,0.066625906,
310,1.3545174437,2.6774866458,1.3194046111,0.066661074,1.1492928908,2.1405370532,1.2407129316,0.0666286876,
311,1.3536360441,2.675003161,1.3192575423,0.0666474291,1.148959149,2.1384601927,1.2417867589,0.0666304953,
312,1.3541815454,2.6776653744,1.3182394889,0.0666397728,1.149321842,2.141324688,1.2399936929,0.0666471451,
313,1.3554408574,2.6822895005,1.317405856,0.0666272158,1.150555994,2.1462136704,1.2388013775,0.0666529341,
314,1.354193324,2.6791596373,1.3168364294,0.0665839054,1.149533328,2.1433752229,1.2386405436,0.0665842174,
315,1.3585608555,2.6932251281,1.3159027229,0.0665547153,1.1537393414,2.1575549256,1.2371124742,0.0665506244,
316,1.3597125463,2.6960875577,1.3165118391,0.0665382422,1.1559594132,2.1606660566,1.240660784,0.066551399,
317,1.3613509416,2.702949477,1.3145863385,0.0665170092,1.1567764749,2.1676459957,1.236145379,0.0665380499,
318,1.3587748512,2.6952797725,1.3145365927,0.0665081882,1.1548712806,2.1604708019,1.2375847686,0.0665582712,
319,1.3592903036,2.6966157568,1.3147727589,0.0664823952,1.1561562245,2.1621055743,1.2398262071,0.0665368923,
320,1.3521904227,2.6775099839,1.3126090096,0.0664522745,1.1482496983,2.1434991722,1.2347452592,0.0665046635,
321,1.3547839755,2.6858768643,1.3120351992,0.066439863,1.1510596372,2.1521068755,1.2345547664,0.0665172697,
322,1.3537506475,2.6838639908,1.310974951,0.0664130006,1.1499352329,2.1504274041,1.2328820104,0.0664962841,
323,1.3511950792,2.6774297911,1.3097724381,0.0663830084,1.14716091,2.1443101661,1.2307063498,0.066466214,
324,1.3453293006,2.6600865449,1.3095311734,0.0663701834,1.1418468241,2.1273599979,1.2317003665,0.0664801077,
325,1.3465686841,2.6644669366,1.3088964577,0.0663426579,1.1432866825,2.1320220022,1.2313792417,0.0664588036,
326,1.3423823786,2.6530395235,1.3078021297,0.0663054825,1.1389392523,2.120678707,1.2297250642,0.0664139857,
327,1.3412246883,2.6502519786,1.3071505843,0.0662715019,1.1379350007,2.1180474096,1.2293798004,0.0663777923,
328,1.345652698,2.6664585547,1.3042625178,0.0662370213,1.1407868917,2.1346569483,1.2213628285,0.0663408981,
329,1.3540050834,2.6919240971,1.3038883418,0.0662028115,1.1496831432,2.160503504,1.2222426593,0.0663032664,
330,1.354687039,2.6932020521,1.3046590991,0.0661999659,1.1517443282,2.1620623289,1.226818179,0.0663524767,
331,1.3497889722,2.6776880348,1.3054831468,0.066195735,1.1481304402,2.1468119068,1.2312020162,0.0663773975,
332,1.3462374625,2.6676447412,1.3049115357,0.0661561106,1.144848597,2.1368474888,1.2313590273,0.0663392748,
333,1.352610452,2.6886274066,1.3030728519,0.0661310975,1.1507782817,2.1584321979,1.2275758771,0.0663267702,
334,1.3509401752,2.685305637,1.3014463026,0.0660685859,1.1486893333,2.1554075993,1.2244259824,0.0662344184,
335,1.3545035894,2.6966301449,1.3008410646,0.0660395587,1.1525778243,2.1670235953,1.224491662,0.0662182157,
336,1.3525938949,2.6916081429,1.3001490832,0.0660244586,1.1509801026,2.1623597211,1.2243436346,0.066236952,
337,1.3540882795,2.6968253086,1.2994444445,0.0659950853,1.1527494082,2.1679039275,1.2241248379,0.0662194591,
338,1.3400595757,2.655248334,1.2989617314,0.0659686616,1.1389129212,2.1260203998,1.2245104186,0.0662079453,
339,1.3423632397,2.6639792088,1.2971864167,0.0659240936,1.1407155726,2.1349297671,1.2210560293,0.0661609214,
340,1.3462955314,2.6777831461,1.2952252264,0.0658782218,1.1441185351,2.1495102865,1.2167420966,0.0661032223,
341,1.3410139049,2.6622675674,1.2949116135,0.0658625338,1.1393081347,2.1337918698,1.2180062344,0.0661262998,
342,1.3434231358,2.6702963624,1.2941272292,0.0658458159,1.142047161,2.1423290769,1.2176744254,0.0661379808,
343,1.3432432308,2.6712291377,1.2926976221,0.0658029325,1.141640953,2.143542036,1.2152825538,0.0660982692,
344,1.3419790455,2.6681868997,1.2920056947,0.065744542,1.1406061574,2.1405631772,1.2152319006,0.0660233945,
345,1.3487040664,2.6895779134,1.2908161926,0.0657180933,1.1475084172,2.1628937885,1.2136125887,0.0660188743,
346,1.3493886941,2.691973272,1.2904929423,0.0656998681,1.1487726526,2.1655957277,1.2146889371,0.0660332931,
347,1.3411161639,2.6682267545,1.2894502814,0.065671456,1.1403336153,2.1413842,1.2135917149,0.0660249311,
348,1.3426407625,2.6729673036,1.2893569566,0.0655980274,1.1425621039,2.1465726816,1.215191492,0.0659221379,
349,1.3406891991,2.6683657967,1.2881339962,0.0655678044,1.1405403586,2.1421068782,1.2135971941,0.0659170034,
350,1.3390747859,2.6647548718,1.286966167,0.0655033191,1.138888009,2.1387019909,1.2121439314,0.0658181046,
351,1.3424813159,2.6758650479,1.2861024267,0.0654764732,1.1425813662,2.1502952464,1.2116166782,0.0658321739,
352,1.3445022402,2.6829643819,1.2850929604,0.0654493781,1.1448342684,2.1578886904,1.210771781,0.0658423338,
353,1.3398029272,2.6704145335,1.2835929689,0.0654012792,1.1398517815,2.1452986888,1.208455832,0.0658008236,
354,1.3379050749,2.6650230436,1.2833285369,0.0653636441,1.1385370846,2.1400555868,1.2097719602,0.0657837066,
355,1.3386727095,2.66908248,1.2816211944,0.065314454,1.1390321184,2.1444517872,1.2069058154,0.0657387526,
356,1.3407376031,2.6773301716,1.2796187819,0.0652638559,1.1407102898,2.153270033,1.2031680454,0.065692791,
357,1.3315311974,2.6511469641,1.2782302157,0.0652164123,1.1313214031,2.1270972051,1.201210842,0.0656561621,
358,1.3336188545,2.6572304764,1.2784515109,0.065174576,1.13434264,2.1333423058,1.2040564551,0.0656291593,
359,1.3339266039,2.6588696357,1.2777744206,0.0651357555,1.1350224531,2.1352118922,1.2042403648,0.0656151022,
360,1.3307827922,2.6516253161,1.2756263554,0.065096705,1.1313406783,2.1281765111,1.2002439157,0.0656016081,
361,1.3315253424,2.6539892614,1.2755431219,0.065043644,1.132774751,2.1307085445,1.2020591394,0.0655565691,
362,1.3305214083,2.6518293349,1.2747497154,0.0649851746,1.1320326439,2.1287423804,1.2018605818,0.0654949695,
363,1.3297900396,2.6519129837,1.2724832745,0.0649738604,1.130752905,2.1290821923,1.1976270852,0.0655494374,
364,1.3304358315,2.6558265841,1.2705759818,0.0649049286,1.1310767949,2.1333688342,1.1943863681,0.0654751823,
365,1.3317956174,2.6610503939,1.2694809273,0.0648555311,1.132639037,2.1389807586,1.1934920829,0.0654442694,
366,1.3328287024,2.6655585375,1.2681458281,0.0647817416,1.1337333827,2.1438976972,1.1919488192,0.0653536317,
367,1.3339421666,2.6691006594,1.2679826837,0.0647431567,1.1356880715,2.147849204,1.1938595544,0.0653554562,
368,1.3325556326,2.6663583844,1.2665991606,0.0647093527,1.1343071823,2.1453096509,1.1922487706,0.0653631255,
369,1.3334377507,2.6698395122,1.2658169633,0.0646567768,1.1356033273,2.1491751804,1.1923046111,0.0653301903,
370,1.3286176343,2.6551974163,1.2660493415,0.0646061451,1.1314952308,2.1343247496,1.1948540539,0.0653068888,
371,1.3297561408,2.6608110782,1.2639258777,0.0645314665,1.1323650259,2.1404206024,1.1914365007,0.0652379746,
372,1.3304178281,2.6643468226,1.2624447809,0.0644618807,1.1330366131,2.1443812128,1.1895613007,0.0651673259,
373,1.3321626049,2.6730597943,1.259003912,0.0644241086,1.1336822166,2.1534900386,1.1823755616,0.0651810495,
374,1.335190209,2.6824564017,1.2587503617,0.0643638635,1.1375015614,2.1633748417,1.1839879017,0.0651419408,
375,1.3335699317,2.6786583176,1.2577487354,0.0643027421,1.1360721639,2.1596411993,1.1834712988,0.0651039937,
376,1.328558469,2.6658397845,1.2556002043,0.0642354182,1.1306030058,2.1467590458,1.1799984219,0.0650515498,
377,1.330995141,2.6730796475,1.2557249483,0.0641808273,1.1338993459,2.1543364649,1.1823290494,0.0650325233,
378,1.32487205,2.6554153107,1.2550628911,0.064137948,1.128062947,2.1365343505,1.1826170827,0.0650374078,
379,1.324957868,2.6574628444,1.2533546166,0.0640561429,1.1280891213,2.1389089154,1.1803941505,0.0649642979,
380,1.3245064078,2.6569718483,1.252578723,0.0639686521,1.1279879436,2.1386150724,1.1804784076,0.0648703507,
381,1.3234892201,2.6551498694,1.2513905716,0.0639272194,1.1270870746,2.1369025208,1.1794715912,0.0648871117,
382,1.3241314014,2.6593869261,1.2491584111,0.0638488668,1.1274438059,2.1415120755,1.1760019075,0.0648174346,
383,1.3266695599,2.6692361573,1.2470030909,0.0637694315,1.1297421586,2.1518024767,1.1726767431,0.0647472559,
384,1.3311373421,2.6832648224,1.2464382544,0.0637089496,1.1347473907,2.1661972683,1.1733156018,0.064729302,
385,1.3293458278,2.6790924416,1.245328831,0.0636162109,1.1331421491,2.1622284946,1.1725703784,0.0646275743,
386,1.3265679257,2.6716280256,1.2445157433,0.0635600084,1.1307002435,2.1549035605,1.1725718617,0.0646253084,
387,1.3207031535,2.657624538,1.2409900397,0.0634948829,1.1238256849,2.1406263762,1.166252541,0.0645981376,
388,1.3242923097,2.6704053926,1.2390534655,0.0634180712,1.1273998989,2.1540082615,1.1636414637,0.0645499714,
389,1.3180907308,2.6517039979,1.2392472806,0.063320914,1.121744793,2.1347800037,1.1659993055,0.0644550697,
390,1.3185578498,2.6554372387,1.2369787907,0.0632575199,1.1219720069,2.1388596542,1.1626129182,0.0644434481,
391,1.3247363017,2.6763680146,1.2346599228,0.0631809676,1.1280332668,2.1606013305,1.1590952966,0.0644031733,
392,1.3228381343,2.6716924346,1.2337117515,0.063110217,1.126389286,2.155972233,1.1588174027,0.0643782223,
393,1.3213869542,2.6683986649,1.2327169161,0.0630452815,1.1252018086,2.1527859803,1.1584557082,0.0643637374,
394,1.3152390142,2.6509501571,1.2317877428,0.0629791426,1.1190997942,2.1346217461,1.1583340007,0.0643436357,
395,1.3176093779,2.6596543322,1.2302895777,0.0628842238,1.1217147921,2.1439766248,1.1569003992,0.0642673523,
396,1.3191018609,2.6653268247,1.2291893902,0.0627893677,1.123478712,2.14997756,1.1562646853,0.0641938908,
397,1.3172629513,2.6616326782,1.2274644102,0.0626917655,1.1214936365,2.1461146117,1.1542568822,0.0641094157,
398,1.3196364994,2.6714265622,1.2248761415,0.0626067944,1.1236015348,2.1564327995,1.15031561,0.0640561949,
399,1.3215953374,2.6799042017,1.2223666094,0.0625152012,1.1253298631,2.1655865152,1.1464123899,0.0639906841,
400,1.3189925162,2.6721112565,1.2224169973,0.0624492949,1.1233765782,2.1576805596,1.1484644099,0.063984765,
401,1.3165329912,2.6661178128,1.2211012159,0.062379945,1.1209812855,2.1515782537,1.1473938589,0.0639717438,
402,1.3135752242,2.6590654711,1.2193752473,0.0622849541,1.1178881122,2.1443216142,1.1454374761,0.0639052464,
403,1.3182522232,2.6750212101,1.2175326128,0.0622028467,1.1228910554,2.1615458324,1.143258356,0.0638689777,
404,1.3168221168,2.6719653382,1.2163791959,0.0621218164,1.1216564475,2.158509889,1.1426241373,0.0638353163,
405,1.3180154096,2.6764774321,1.2155528563,0.0620159405,1.1233248518,2.1634831523,1.1427329942,0.063758409,
406,1.3187166021,2.6818141513,1.212419518,0.0619161371,1.1236181117,2.1695242521,1.1376394995,0.0636905835,
407,1.3162144083,2.6768188037,1.2100289565,0.0617954647,1.1207936119,2.1645262384,1.1342686944,0.0635859027,
408,1.3162248074,2.6786686703,1.2083339886,0.0616717632,1.1209206508,2.1668487181,1.132438884,0.0634743504,
409,1.3135130545,2.6713603506,1.2076200897,0.0615587231,1.1184804288,2.1591575502,1.1329043632,0.0633793731,
410,1.3103680691,2.6624722764,1.2071467754,0.0614851556,1.1157105147,2.1497753955,1.1339810544,0.0633750941,
411,1.3079872532,2.6591242792,1.203465498,0.0613719824,1.1123862961,2.1462637287,1.127611957,0.0632832026,
412,1.3077301793,2.6599967852,1.2019257127,0.06126804,1.112290608,2.1473559546,1.1263008862,0.0632149832,
413,1.3021939612,2.6425973564,1.2028004609,0.0611840662,1.1076498144,2.1287781577,1.1309755311,0.0631957543,
414,1.3058521986,2.6569939941,1.1994920587,0.0610705431,1.1110025982,2.1444418095,1.1254505888,0.0631153963,
415,1.3043146085,2.6557505275,1.1962344163,0.0609588818,1.1086714107,2.1431794054,1.1198014879,0.0630333389,
416,1.3088056062,2.6690707388,1.1964876717,0.0608584081,1.1147229016,2.1578829617,1.1233085801,0.0629771631,
417,1.3122958338,2.6823309768,1.1937844311,0.0607720935,1.1181450523,2.1722642436,1.1192117308,0.0629591825,
418,1.3092527776,2.6748141603,1.1923195601,0.0606246126,1.1151509896,2.1644499065,1.1181970525,0.0628060097,
419,1.3096116069,2.6762526184,1.1920703284,0.0605118738,1.116481127,2.1662250832,1.1204861981,0.0627320997,
420,1.3053231243,2.6663588968,1.1891982272,0.0604122488,1.1113850539,2.1557374012,1.115734292,0.0626834686,
421,1.3001282446,2.6531413124,1.1869423189,0.0603011024,1.1057803867,2.1421362328,1.1125892698,0.0626156575,
422,1.3060994137,2.6724881126,1.1856007532,0.0602093752,1.1123826051,2.1627025053,1.1118627346,0.0625825753,
423,1.3059570421,2.6738235355,1.1839624263,0.0600851644,1.1124092702,2.1643235738,1.1104139497,0.0624902872,
424,1.2989789294,2.6522492358,1.1847078644,0.059979688,1.1065439188,2.1420861216,1.1151058317,0.0624398032,
425,1.300273007,2.6586338249,1.1823546254,0.0598305706,1.1077931102,2.1490265829,1.1120502157,0.0623025321,
426,1.2993319117,2.6585166864,1.1797560744,0.0597229743,1.1065596438,2.1490775129,1.1083511327,0.0622502859,
427,1.3051177842,2.6780869431,1.177648468,0.0596179415,1.1125424417,2.1694919704,1.1059286203,0.0622067345,
428,1.303863146,2.6770038677,1.1751348932,0.0594506771,1.1109429626,2.1684886372,1.1022989546,0.062041296,
429,1.3025850824,2.6761851406,1.1722664596,0.0593036469,1.109116845,2.167798896,1.0976458983,0.0619057406,
430,1.3088053393,2.6974131727,1.1698211458,0.0591816995,1.1155614414,2.1907333325,1.0941165488,0.0618344428,
431,1.3067909335,2.6922708118,1.1690025595,0.0590994293,1.1141732287,2.1853996355,1.0952710047,0.0618490459,
432,1.3015726309,2.6778887574,1.1678316277,0.0589975076,1.1091848455,2.1703828289,1.0953593163,0.0618123914,
433,1.3026767559,2.6830768563,1.1661063088,0.0588471026,1.1104505869,2.1758782737,1.0937824894,0.0616909976,
434,1.3015809654,2.6817010172,1.1643356043,0.0587062748,1.1094555251,2.1746974685,1.092088667,0.0615804397,
435,1.3000847517,2.6787427576,1.1629379369,0.0585735606,1.1082473403,2.1719545459,1.0912984113,0.0614890638,
436,1.2946349435,2.6632677108,1.1621857794,0.0584513404,1.103062506,2.1559125652,1.0918536934,0.0614212594,
437,1.2914053672,2.6565495685,1.15932724,0.058339293,1.0992577869,2.1486807101,1.0877139077,0.0613787427,
438,1.2978621565,2.6774909132,1.157892309,0.0582032475,1.1063913947,2.1710579564,1.086824781,0.0612914469,
439,1.2953692055,2.67249826,1.155529799,0.0580795575,1.1037119998,2.1659972586,1.0839091539,0.0612295868,
440,1.2942693631,2.6708972902,1.1539833551,0.0579274439,1.1027606401,2.1644283101,1.0827437396,0.0611098705,
441,1.2924117149,2.6679062816,1.1515380928,0.0577907702,1.1006295756,2.1613511509,1.0795152876,0.0610222882,
442,1.2925503101,2.6697633042,1.1502633732,0.057624253,1.1011207522,2.1635211321,1.0789646239,0.0608765006,
443,1.2904027579,2.6648119361,1.1489036924,0.0574926452,1.0990848211,2.1583075819,1.0781416273,0.060805254,
444,1.2908834289,2.667568473,1.1477089439,0.0573728698,1.0999359856,2.1613149726,1.0777383739,0.0607546102,
445,1.2932688994,2.6775400707,1.1450500247,0.0572166026,1.102159131,2.1719671362,1.0738703352,0.0606399217,
446,1.2956097201,2.6858955069,1.1438464928,0.0570871604,1.1049022327,2.1807705175,1.0733601364,0.0605760442,
447,1.2894870648,2.6686338453,1.1428273979,0.0569999513,1.0987918072,2.1625495769,1.0732296369,0.0605962078,
448,1.2940519536,2.6852749379,1.1400449288,0.0568359941,1.1032816131,2.1802883029,1.0690764915,0.0604800448,
449,1.2882855728,2.6692077815,1.1389424547,0.0567064822,1.0975319009,2.1632703123,1.0688953048,0.0604300856,
450,1.2927869601,2.6851671979,1.1366514144,0.056542268,1.1021216598,2.1801999491,1.065856739,0.0603082913,
451,1.2883264371,2.6733690266,1.1352028249,0.0564074597,1.0976267379,2.167782937,1.0648452504,0.0602520263,
452,1.2947099136,2.6939680081,1.1338960076,0.0562657253,1.1045465321,2.1893249976,1.0641369268,0.0601776719,
453,1.2946464493,2.6964165197,1.1314375614,0.0560852669,1.1041440797,2.1917743234,1.0606361246,0.0600217913,
454,1.2876567099,2.6753609413,1.1316308156,0.0559783729,1.097750855,2.1697718566,1.0634749573,0.0600057511,
455,1.279365896,2.6545088327,1.1277682776,0.0558205776,1.0877538818,2.1468641545,1.0564985893,0.0598989016,
456,1.2831295591,2.6683338971,1.1253613122,0.0556934681,1.0917014928,2.162211125,1.0530401447,0.0598532087,
457,1.2823461547,2.6670963552,1.1243948202,0.0555472888,1.0912076809,2.1607184917,1.0531328056,0.0597717454,
458,1.2795097479,2.6590550433,1.1240731495,0.0554010508,1.0886905858,2.1514586071,1.0549222517,0.0596908986,
459,1.27971432,2.6608928986,1.123013455,0.0552366063,1.0893098898,2.1534539866,1.0548934066,0.0595822761,
460,1.278503788,2.6614507447,1.1189630373,0.0550975819,1.086892138,2.1539410097,1.0472111085,0.0595242959,
461,1.2792634193,2.6661867565,1.1167004323,0.054903069,1.0875527507,2.1591900859,1.0441077871,0.0593603789,
462,1.2827857433,2.6770200203,1.1165534602,0.0547837494,1.092235804,2.1711009685,1.0462685895,0.0593378541,
463,1.2854159839,2.6863243122,1.1152579465,0.054665693,1.0954481654,2.181440454,1.0455845687,0.0593194735,
464,1.2839928074,2.6834738952,1.1139710199,0.054533507,1.0941551701,2.1783165975,1.0448820416,0.0592668714,
465,1.2750139438,2.6593888443,1.1113196767,0.0543333105,1.0835821206,2.1510468074,1.0406050758,0.0590944786,
466,1.2731119958,2.6540264182,1.1111132484,0.0541963207,1.0823952296,2.1454495642,1.0427027042,0.0590334204,
467,1.2776656889,2.6687188595,1.1102247804,0.0540534268,1.0877814376,2.1613418349,1.0430404158,0.0589620622,
468,1.2802968599,2.6794071592,1.1075723028,0.0539111176,1.090453426,2.1736135474,1.0388641845,0.0588825462,
469,1.2785603431,2.6764405982,1.1054814156,0.0537590155,1.0883401818,2.1701809262,1.0360548608,0.0587847583,
470,1.2803064111,2.6838681993,1.1034409553,0.0536100788,1.0903080873,2.1785971564,1.0336291273,0.0586979783,
471,1.2779098155,2.678815057,1.1014700565,0.053444333,1.0875116862,2.1727468333,1.03121488,0.0585733452,
472,1.278287641,2.6826477683,1.0989221188,0.053293036,1.0876396854,2.177006299,1.027427962,0.058484795,
473,1.2782587248,2.6837530136,1.0978534376,0.0531697233,1.0879397973,2.1782063496,1.0271682596,0.0584447827,
474,1.2749539878,2.6744529794,1.0973778702,0.0530311136,1.0847550609,2.1678537282,1.0280403202,0.0583711343,
475,1.2814197426,2.697575669,1.093806642,0.0528769168,1.0912427794,2.1933834219,1.0220697219,0.0582751944,
476,1.2789635249,2.6910339549,1.0931125898,0.0527440299,1.0889140401,2.1860516957,1.0224812949,0.0582091298,
477,1.2719936463,2.6707653184,1.0926449544,0.0525706661,1.0816656182,2.1636547948,1.0232685288,0.058073531,
478,1.2726317406,2.6745539716,1.0909077727,0.0524334776,1.0823032542,2.1676675459,1.0212419089,0.0580003077,
479,1.2714156162,2.6715467535,1.0903808972,0.052319198,1.0813431285,2.1643412115,1.0217221772,0.0579659969,
480,1.2789873849,2.6970112655,1.0878073975,0.0521434918,1.0893614748,2.192208852,1.018036945,0.0578386274,
481,1.280570515,2.7020889836,1.0875817539,0.0520408076,1.0915629099,2.1976604443,1.0192172847,0.0578110006,
482,1.2788459841,2.699033919,1.085606536,0.0518974974,1.0895909889,2.1942297242,1.0168155282,0.0577277142,
483,1.2777561476,2.6967841275,1.0847151154,0.0517692,1.0886019025,2.1915821844,1.0165670013,0.0576565219,
484,1.2675567861,2.6657588185,1.0852982843,0.0516132555,1.0783338062,2.1581599302,1.0192827607,0.0575587275,
485,1.2699262594,2.6756421915,1.0826453791,0.0514912077,1.0804490493,2.1684052994,1.0154453635,0.057496485,
486,1.2694938458,2.6761737469,1.0809148247,0.0513929659,1.079966542,2.1689338678,1.0135161618,0.0574495963,
487,1.2668129061,2.6698132856,1.0793604664,0.0512649663,1.0771851989,2.1621936501,1.0119890853,0.0573728612,
488,1.2680310747,2.6739350615,1.0790399567,0.0511182061,1.0788450367,2.1664410191,1.0128142457,0.0572798452,
489,1.2720305991,2.6892992108,1.0758375621,0.0509550244,1.0825458186,2.1825573408,1.007916923,0.0571631919,
490,1.2680463702,2.679023711,1.0742547615,0.050860638,1.0783809587,2.1716889851,1.0063322537,0.0571216373,
491,1.2677357376,2.6803120044,1.0721726458,0.0507225626,1.0779452152,2.1729944439,1.0038128262,0.0570283754,
492,1.2697082852,2.686746548,1.0717713177,0.05060699,1.0803828887,2.1797160068,1.0044711517,0.0569615074,
493,1.2629673345,2.6683725003,1.0700106584,0.0505188448,1.0731026774,2.1599662235,1.0024185301,0.0569232785,
494,1.2665519839,2.6792376552,1.0700133833,0.0504049132,1.0774354383,2.1714472898,1.004003446,0.0568555793,
495,1.2651360324,2.6746311029,1.07045422,0.0503227742,1.0764937122,2.1663944709,1.0062637522,0.0568229134,
496,1.2684401026,2.6883583297,1.066800333,0.050161645,1.079469252,2.1808863624,1.0008165735,0.0567048202,
497,1.270540252,2.6967639935,1.064798882,0.0500578805,1.0816111134,2.189818491,0.9983647907,0.0566500583,
498,1.2728096712,2.7050990857,1.0634080804,0.0499218474,1.0840829317,2.1985466014,0.9971462531,0.0565559406,
499,1.2712508552,2.7033444568,1.0606074136,0.0498006953,1.0819081455,2.1966101835,0.9926267317,0.0564875215,
500,1.2667805593,2.6908619623,1.0598374737,0.0496422419,1.0773682815,2.1830445374,0.9926938461,0.0563664609,
501,1.2673220731,2.6921760303,1.0602464373,0.0495437517,1.0786166395,2.1843639151,0.9951528957,0.0563331075,
502,1.2628870967,2.6789927476,1.0602032368,0.0494653058,1.0742522686,2.1699271307,0.9965135413,0.056316134,
503,1.2584171162,2.6668061596,1.0590683404,0.0493768485,1.0693729125,2.1561978948,0.9956271062,0.0562937365,
504,1.2579329859,2.6666382841,1.0578776942,0.0492829793,1.0689055087,2.1558320836,0.9946151212,0.0562693213,
505,1.2569541639,2.6657483269,1.0560056205,0.0491085442,1.0676365168,2.1545772288,0.9922172388,0.056115083,
506,1.2593562176,2.6733377634,1.0557453453,0.0489855439,1.0706927825,2.1629477643,0.9930862754,0.0560443078,
507,1.2580742594,2.6709805741,1.054396138,0.048846066,1.0692598615,2.1601434447,0.9916899731,0.0559461668,
508,1.2595617351,2.6749251341,1.0549907805,0.0487692906,1.0713976256,2.1643437208,0.993903142,0.055946014,
509,1.2632259453,2.6890347505,1.0519658804,0.0486772049,1.0749933965,2.179432024,0.9896323246,0.0559158409,
510,1.263852359,2.6940018458,1.0489506522,0.0486045789,1.0751404328,2.1846946408,0.9848152651,0.0559113927,
511,1.2636174507,2.6938957769,1.0484665119,0.0484900634,1.0751860281,2.1843807242,0.985324247,0.0558531131,
512,1.2645494215,2.698928736,1.0463781891,0.0483413395,1.0758599008,2.1895571245,0.9822746405,0.0557479374,
513,1.2642445519,2.698392202,1.0461094607,0.048231993,1.075864614,2.1887841929,0.9831217134,0.0556879357,
514,1.2627511778,2.6944159574,1.0457260056,0.0481115703,1.0745060902,2.1843272616,0.9835819106,0.0556090984,
515,1.2661203626,2.703205844,1.0471091218,0.0480461221,1.0788857743,2.1936288234,0.9874029237,0.0556255756,
516,1.2607476647,2.6897441833,1.044531913,0.047966898,1.0727543276,2.1789992059,0.9836331689,0.0556306081,
517,1.2601212795,2.6880129099,1.0444482877,0.047902641,1.0724288369,2.1770038611,0.9846245574,0.0556580922,
518,1.2591332838,2.6870577272,1.0426280575,0.0477140668,1.0711674689,2.1756918002,0.9823460725,0.0554645341,
519,1.2585122832,2.6875958347,1.040362039,0.047578976,1.0702128939,2.1760188067,0.9792597142,0.0553601608,
520,1.2635214929,2.7043402458,1.0387060953,0.0475181375,1.0754625862,2.1937726416,0.9772176317,0.0553974854,
521,1.2639176748,2.7054683499,1.0388215502,0.0474631242,1.0762801069,2.1947679925,0.9786507978,0.0554215304,
522,1.2622027346,2.6998000664,1.0393913279,0.0474168095,1.0749687673,2.1883323941,0.9811138417,0.0554600661,
523,1.2566849695,2.6841750796,1.0386271327,0.0472526962,1.0690565895,2.1708166985,0.9810449741,0.0553080959,
524,1.2543524621,2.6788234722,1.0370912118,0.0471427024,1.0663336694,2.1643500352,0.9794140251,0.0552369479,
525,1.2545993108,2.6792283178,1.0374631301,0.0471064846,1.067096634,2.1646368667,0.9813559823,0.055297053,
526,1.2546384574,2.6810020429,1.0358838568,0.0470294727,1.0670499004,2.1662658973,0.9796004134,0.0552833904,
527,1.2555739213,2.6850878277,1.0346936322,0.0469403041,1.0681152199,2.1705208954,0.9785702404,0.0552545239,
528,1.2579749072,2.693189788,1.0338930212,0.0468419125,1.0708849456,2.1790387183,0.9784041895,0.0552119289,
529,1.2574982676,2.6940795811,1.0316904645,0.0467247573,1.0700627739,2.1796498675,0.9753994321,0.055139022,
530,1.2583483487,2.6960947036,1.0322793627,0.0466709798,1.0715472704,2.1817365074,0.9777439471,0.0551613566,
531,1.2551083984,2.6886221523,1.030113323,0.0465897198,1.0679785863,2.17397624,0.9748192057,0.0551403132,
532,1.2560128418,2.6941237213,1.0274391307,0.0464756736,1.0685369638,2.1796390564,0.9709023484,0.0550694866,
533,1.252958678,2.6865592331,1.0259375699,0.0463792311,1.0652458525,2.1714633072,0.9692470015,0.0550272488,
534,1.2547970206,2.6927013826,1.0254065091,0.0462831702,1.0674928407,2.1778992808,0.9695977987,0.0549814424,
535,1.258451072,2.7050417448,1.0240656356,0.0462458355,1.0717177882,2.1919319509,0.9681976492,0.0550237645,
536,1.2595899285,2.7100433104,1.0225230008,0.0462034744,1.0732015238,2.1981805324,0.9663791504,0.0550448885,
537,1.2580903927,2.7079079548,1.0203433503,0.046019873,1.0713264869,2.1958216177,0.9632587839,0.054899059,
538,1.2546475007,2.6990406714,1.0190064949,0.0458953359,1.0671930732,2.1848822398,0.9618804535,0.0548165264,
539,1.258959417,2.7110033311,1.0200352805,0.0458396394,1.0735354666,2.200104315,0.9656755923,0.0548264925,
540,1.2559835896,2.7020348338,1.020114379,0.045801556,1.0703879043,2.1891349319,0.9671742234,0.0548545576,
541,1.2561583664,2.7019828805,1.0207088916,0.0457833273,1.0712203452,2.1893092006,0.9694489213,0.0549029138,
542,1.2532052175,2.6939750947,1.0199248382,0.0457157195,1.0678929842,2.1796098184,0.9691774655,0.0548916689,
543,1.2566903035,2.7051005888,1.0193127143,0.0456576074,1.072684133,2.1938885407,0.9692707725,0.0548930857,
544,1.2569948339,2.7072777056,1.0180717551,0.0456350409,1.0733462885,2.1969904537,0.9681153712,0.0549330405,
545,1.2581172861,2.7139666132,1.0148715015,0.0455137437,1.0745812413,2.2054164536,0.963464188,0.0548630824,
546,1.2572259919,2.7151762231,1.011109827,0.0453919255,1.0731027143,2.207091453,0.9574197144,0.0547969756,
547,1.2525709491,2.7018580282,1.010566235,0.0452885841,1.0677092197,2.1906383237,0.9577402604,0.0547490748,
548,1.2513434675,2.6976307307,1.0111883351,0.0452113366,1.0666968454,2.1851705365,0.9601909209,0.0547290787,
549,1.2457902536,2.6800022476,1.0122449128,0.0451236004,1.060648146,2.1638439374,0.963405676,0.0546948244,
550,1.2450550168,2.6778011959,1.0122682746,0.0450955798,1.0602361771,2.1615258412,0.964452609,0.0547300812,
551,1.2492827516,2.6898913065,1.0129077765,0.0450491717,1.0657576088,2.1758826214,0.9666471307,0.0547430742,
552,1.2520560778,2.7009839149,1.0102521755,0.0449321429,1.0692069345,2.1898267331,0.9631206024,0.054673468,
553,1.2503326843,2.6971003546,1.0090810018,0.0448166966,1.0673294709,2.1851008251,0.9622919489,0.0545956386,
554,1.25067574,2.7003543581,1.0069133874,0.0447594744,1.0678862502,2.1892917791,0.9597750929,0.0545918785,
555,1.2471053632,2.6870598267,1.0094375324,0.0448187305,1.0641300772,2.1726306143,0.9650227524,0.0547368649,
556,1.2485208277,2.6895784955,1.0111605369,0.0448234506,1.0663228163,2.1755244632,0.968627347,0.0548166388,
557,1.2498332668,2.6984267797,1.0064164943,0.0446565264,1.0678957683,2.1868803802,0.9621204428,0.0546864819,
558,1.2517969168,2.7050280564,1.0057323817,0.0446303124,1.0707505632,2.1954874625,0.9620302797,0.0547339474,
559,1.252216752,2.7074518333,1.0046207038,0.0445777189,1.0715599611,2.198603801,0.9613289126,0.0547471697,
560,1.2499041671,2.7035290181,1.0016898372,0.0444936461,1.0687765176,2.1937328208,0.9578816582,0.0547150739,
561,1.2522727591,2.7140412458,0.9983992008,0.0443778306,1.0717215928,2.2069227057,0.9536002636,0.0546418091,
562,1.2476134686,2.7010385197,0.9975350529,0.0442668331,1.0660715079,2.1903159187,0.9533239972,0.0545746076,
563,1.2450573355,2.6914602706,0.9995294154,0.0441823203,1.0635785963,2.1784672217,0.9577355808,0.0545329864,
564,1.2485321621,2.7024587295,0.999001957,0.0441357998,1.0681365697,2.1919069253,0.957953422,0.0545493618,
565,1.247878783,2.7033570117,0.996271728,0.0440076093,1.0673734536,2.19295967,0.9547261045,0.0544345862,
566,1.2487704888,2.7062002869,0.9961551008,0.0439560789,1.068804749,2.1964706742,0.9554997907,0.0544437823,
567,1.2445226265,2.6955236471,0.9941370022,0.0439072303,1.0637111239,2.1833822313,0.953293825,0.0544573153,
568,1.246919862,2.7006305225,0.9961983599,0.0439307036,1.067362612,2.1900649168,0.9574416435,0.0545812756,
569,1.2480561001,2.7041343319,0.9961524373,0.043881531,1.0691538322,2.194561291,0.958304873,0.0545953326,
570,1.2513601121,2.7155493434,0.9946673682,0.0438636248,1.0735370302,2.2089792427,0.9569878676,0.0546439804,
571,1.2532325728,2.7247951979,0.9911742702,0.0437282502,1.0760307666,2.2210301939,0.9525273908,0.0545347152,
572,1.2524390988,2.7223652505,0.9912774084,0.0436746374,1.0754108059,2.2179913987,0.9537023336,0.0545386853,
573,1.2469402546,2.7063404363,0.9908690456,0.0436112819,1.0688420171,2.197851239,0.9541518136,0.0545229989,
574,1.2472927592,2.7075650418,0.9907413173,0.0435719186,1.0696376315,2.1993976298,0.9549651187,0.054550146,
575,1.2485325567,2.7119973454,0.9900339387,0.0435663862,1.071512839,2.2050773141,0.9548479264,0.0546132764,
576,1.2442633839,2.698573751,0.9907355982,0.0434808027,1.0665621815,2.1882372039,0.9568809595,0.0545683812,
577,1.2449328592,2.7019210395,0.989535884,0.0433416541,1.06752196,2.1920621385,0.9560634466,0.0544402949,
578,1.2489813285,2.7150574249,0.9886163761,0.0432701846,1.0728961227,2.2086513979,0.955619041,0.0544179293,
579,1.2487620598,2.7201409052,0.9829871816,0.0431580926,1.0724864085,2.2150031064,0.9481175797,0.0543385393,
580,1.2471545275,2.7156837754,0.9826385861,0.0431412211,1.0708622178,2.2095801101,0.9486107639,0.0543957793,
581,1.2485699156,2.7216721268,0.9809251426,0.0431124776,1.0728176113,2.2170778263,0.9469477868,0.0544272208,
582,1.2519549126,2.7333331196,0.9794240712,0.043107547,1.0773410882,2.2320124552,0.9455273634,0.0544834459,
583,1.2500085689,2.7288649426,0.978156307,0.0430044569,1.0750469213,2.2262598032,0.9444640615,0.0544168991,
584,1.247917789,2.7209318827,0.9798074435,0.0430140407,1.073065682,2.2165491207,0.9481491394,0.054498786,
585,1.2424381351,2.7051550697,0.9792951047,0.042864231,1.0663357493,2.1961700676,0.9484678727,0.0543693077,
586,1.2463047691,2.7161783715,0.9799785981,0.0427573377,1.0716606332,2.2102100979,0.9504447664,0.0543270354,
587,1.2470588005,2.7190471994,0.9793889766,0.0427402254,1.0729684622,2.2139968352,0.950537183,0.0543713684,
588,1.2445822039,2.7133819706,0.9776806594,0.0426839818,1.0701074915,2.2070038132,0.9489492239,0.0543694374,
589,1.244797755,2.7148786742,0.9768418997,0.0426726912,1.0708289249,2.2093046407,0.9487648313,0.0544173028,
590,1.2487314022,2.7279332804,0.9755785774,0.0426823488,1.0761856528,2.2260954551,0.9479548652,0.054506638,
591,1.2479842739,2.7263260538,0.9750398663,0.0425869016,1.0755881836,2.2240787669,0.9482392354,0.0544465486,
592,1.2439527448,2.7162664507,0.9731558801,0.0424359035,1.0706411575,2.2111701175,0.9464114785,0.0543418764,
593,1.2447286664,2.7200825434,0.9717414065,0.0423620495,1.0718720284,2.2160647968,0.9452236603,0.054327628,
594,1.2458471068,2.7242439675,0.9709897517,0.042307601,1.0736127885,2.2214640158,0.9450430838,0.0543312658,
595,1.2484349974,2.7312448095,0.9717939782,0.0422662044,1.0773366678,2.230490587,0.9471749315,0.0543444848,
596,1.2492013873,2.7328420621,0.9724700826,0.0422920173,1.0787936872,2.232851056,0.9491069995,0.0544230062,
597,1.2469990417,2.7277696141,0.9709426298,0.0422848811,1.0763715025,2.2267005816,0.9479344819,0.054479444,
598,1.2445837493,2.7216346314,0.9699151327,0.0422014838,1.0734301512,2.218505869,0.9473386081,0.0544459766,
599,1.2465746078,2.7296613872,0.9679473523,0.042115084,1.0760901466,2.2284394621,0.9454020672,0.0544289106,
600,1.2483799399,2.7355339133,0.9675320941,0.0420738123,1.0785771688,2.2354941412,0.9457914757,0.0544458894,
601,1.2454988423,2.7247465133,0.9697055014,0.0420445122,1.0754090911,2.2218089832,0.9499500267,0.0544682633,
602,1.2442835596,2.7227816653,0.9681217015,0.0419473121,1.0741051798,2.2192120023,0.948666285,0.0544372522,
603,1.2452698237,2.7282711538,0.9655834414,0.0419548761,1.0755942749,2.2264516978,0.9458380276,0.0544930992,
604,1.243337078,2.7208078112,0.9672051956,0.0419982272,1.0738105418,2.2175608511,0.9492944837,0.0545762906,
605,1.241138456,2.7146534957,0.9668727728,0.0418890994,1.0716253983,2.2104153154,0.9499319456,0.054528934,
606,1.2435124856,2.7236860528,0.9650803356,0.0417710683,1.0746858559,2.2213360909,0.9482312634,0.0544902135,
607,1.2419928466,2.722614095,0.9617080097,0.041656435,1.0729022948,2.2201678899,0.9440890792,0.0544499155,
608,1.2411074239,2.7216595449,0.9600559053,0.0416068214,1.0719697724,2.218977138,0.9424710393,0.0544611398,
609,1.2414997021,2.7234740942,0.9594289237,0.0415960885,1.0728073454,2.2213419021,0.9425760904,0.0545040435,
610,1.242395805,2.7303221981,0.955379411,0.0414858059,1.0737041814,2.2295733758,0.9370719997,0.0544671686,
611,1.2466173674,2.7429107214,0.9555056803,0.0414357004,1.0795194512,2.2456773878,0.9384040267,0.0544769392,
612,1.2449247931,2.7359154027,0.9574782434,0.0413807334,1.0780100995,2.2367048189,0.9428459162,0.0544795635,
613,1.2445302526,2.7373723583,0.9549169021,0.0413014975,1.0776289948,2.2386533171,0.939774208,0.0544594593,
614,1.2392910135,2.7199429241,0.956688756,0.0412413603,1.0719484059,2.2175020553,0.9438914889,0.0544516733,
615,1.2369781599,2.7135345569,0.9561354133,0.0412645094,1.0697211696,2.2105408218,0.9441063389,0.0545163481,
616,1.2445314255,2.7347033121,0.9576136354,0.041277329,1.0794614713,2.2363666653,0.9474504489,0.0545672995,
617,1.2487293179,2.7477511749,0.9572219569,0.0412148218,1.0850557534,2.252600263,0.9480024208,0.0545645763,
618,1.2439204752,2.7374934948,0.9531307797,0.0411371511,1.0790587222,2.2400706587,0.9425551539,0.0545503539,
619,1.2394839857,2.7258290572,0.9515941069,0.041028793,1.0738523973,2.2259193136,0.9411227522,0.0545151259,
620,1.2397165245,2.7279757398,0.9502199242,0.0409539096,1.0743035578,2.2286252703,0.9397900812,0.0544953218,
621,1.2419889993,2.7366234164,0.9484519488,0.0408916327,1.0771570867,2.2391667766,0.937820729,0.0544837546,
622,1.2420958526,2.7348278268,0.9505923473,0.0408673835,1.078145495,2.2372784963,0.9426488835,0.0545091054,
623,1.2416911652,2.7307034636,0.9534795524,0.0408904797,1.0787702858,2.2331266161,0.948616403,0.0545678383,
624,1.2434267324,2.7376691561,0.9517635962,0.040847445,1.0810772568,2.2417831102,0.946871946,0.0545767142,
625,1.239129298,2.7261460808,0.95044701,0.0407948033,1.0763211267,2.2286462564,0.9457347314,0.0545823923,
626,1.2368119455,2.7205747657,0.9491413042,0.0407197667,1.0738301695,2.2223362986,0.9445801744,0.0545740354,
627,1.2386544339,2.7283278311,0.9469792027,0.0406562679,1.0761566139,2.2318614816,0.9420365586,0.0545718016,
628,1.2401639851,2.7335827816,0.9463049916,0.0406041822,1.0783602826,2.238502261,0.9419982257,0.0545803611,
629,1.2401343,2.7324445485,0.947405903,0.0405524485,1.0790156659,2.2373767329,0.9450900372,0.0545802277,
630,1.2379856961,2.7269085495,0.9465264128,0.0405221258,1.0767723505,2.2310050809,0.9447109064,0.0546010641,
631,1.2361337547,2.7203299572,0.9475891548,0.0404821519,1.0752516317,2.2235960245,0.9475455143,0.0546133562,
632,1.2342155125,2.7152004001,0.9470198311,0.0404263061,1.0733697213,2.2176768033,0.9478124728,0.0546198877,
633,1.2319059525,2.7089406497,0.9463999842,0.0403772235,1.0710041153,2.2104893095,0.947899609,0.0546234272,
634,1.2349941398,2.7186935178,0.9459752352,0.0403136664,1.0752127014,2.2225898007,0.9484271983,0.0546211053,
635,1.2398727878,2.7385772615,0.9407584826,0.0402826192,1.0805886976,2.2464791764,0.9406414333,0.0546454832,
636,1.2409244437,2.741967419,0.9405333984,0.0402725135,1.0823553105,2.2509252452,0.9414576431,0.054683043,
637,1.2412547411,2.7413763811,0.9422125183,0.0401753239,1.0834549056,2.2502924576,0.94543209,0.0546401691,
638,1.2380282019,2.7332116833,0.9407693954,0.0401035269,1.0798026084,2.2406942482,0.9440821432,0.0546314337,
639,1.2361083663,2.7298055728,0.9384736076,0.0400459185,1.0776702753,2.2370650181,0.9413109318,0.0546348758,
640,1.2353353074,2.7287289374,0.9373167156,0.0399602693,1.0771095289,2.2361831073,0.9405310498,0.0546144296,
641,1.2368319609,2.7364199918,0.9341558602,0.0399200308,1.0787946473,2.2456101616,0.936142027,0.0546317534,
642,1.2364352419,2.734712289,0.9346673338,0.039926103,1.0790046874,2.2440570611,0.9382589892,0.054698012,
643,1.2368055717,2.7367432852,0.9338346319,0.039838798,1.0797048589,2.2465114504,0.9379341605,0.0546689657,
644,1.23765356,2.7384474503,0.9347194879,0.0397937418,1.081361084,2.2487763389,0.9406286726,0.0546782404,
645,1.2356420994,2.7336869042,0.9335018169,0.0397375771,1.0792020355,2.2433249132,0.9396008849,0.0546803083,
646,1.2364209889,2.7370700188,0.9324619764,0.0397309715,1.0804385033,2.2476366004,0.9389361019,0.0547428077,
647,1.2324041556,2.7226235505,0.9348697796,0.0397191367,1.0764732412,2.2307462638,0.9438845807,0.0547888792,
648,1.2349358702,2.7314313008,0.9337361046,0.0396402052,1.0797375582,2.2413405165,0.943109286,0.054762872,
649,1.2360248329,2.7336451858,0.9347995362,0.0396297768,1.0816122808,2.2441981426,0.9458293439,0.0548093559,
650,1.2348037354,2.7325205149,0.9323581619,0.0395325295,1.0803884844,2.2431566003,0.9432412884,0.0547675646,
651,1.2345783315,2.7332227641,0.9310408175,0.0394714129,1.0804202053,2.2442834572,0.9422136542,0.0547635044,
652,1.2341669855,2.7309978602,0.932128215,0.0393748813,1.0805129774,2.2418633675,0.9449638293,0.0547117353,
653,1.2339690839,2.7295002419,0.9330589816,0.0393480282,1.0809109761,2.2404729763,0.9475167003,0.0547432516,
654,1.2359270619,2.7386515301,0.9297866419,0.0393430136,1.0833596284,2.2516390499,0.9436328607,0.0548069747,
655,1.234224383,2.7348699757,0.9284052546,0.0393979186,1.0817128638,2.2476006464,0.942636177,0.054901768,
656,1.2318725491,2.7257626299,0.930520288,0.0393347294,1.0796788773,2.2372288862,0.9469123739,0.0548953718,
657,1.228997985,2.7176261462,0.9301934469,0.0391743618,1.0766551827,2.2277201282,0.9474546543,0.0547907657,
658,1.2314414358,2.7255630884,0.9296521864,0.0391090327,1.0799539774,2.2374322869,0.9476529743,0.0547766712,
659,1.2325763867,2.7350423731,0.9236352245,0.0390515625,1.0809372098,2.2487579434,0.9392841685,0.0547695175,
660,1.2312597172,2.7350484202,0.9197447284,0.038986003,1.0791451639,2.2487223097,0.9339631513,0.0547500307,
661,1.2297520115,2.7312766606,0.9190131995,0.0389661744,1.0777225166,2.2445688113,0.9338041461,0.0547945925,
662,1.2294887854,2.727595577,0.9219771352,0.0388936439,1.0783066292,2.240400526,0.9397628652,0.0547564964,
663,1.2289371182,2.7223759277,0.9255467649,0.0388886621,1.0785463865,2.2346702066,0.9461627745,0.0548061784,
664,1.2301778464,2.7237292818,0.9279451004,0.0388591569,1.0806469212,2.2363626499,0.9507551789,0.0548229349,
665,1.2271641532,2.7177744032,0.9249168015,0.0388012548,1.0771668155,2.2294997631,0.9471852944,0.0548153891,
666,1.2266911515,2.7198981584,0.9214436005,0.0387316958,1.0766928122,2.2323161282,0.9429735356,0.0547887728,
667,1.2292665823,2.7268942617,0.922169947,0.0387355381,1.0802660722,2.2409565092,0.9449851039,0.0548566034,
668,1.2294187529,2.7289118668,0.92061771,0.0387266819,1.0807861933,2.24362058,0.9438349169,0.0549030829,
669,1.2309984512,2.7356850202,0.9186639679,0.0386463654,1.0829483868,2.252104393,0.941865087,0.0548756804,
670,1.2321642874,2.7422339796,0.9156808185,0.038578064,1.0844239615,2.260120313,0.9382940272,0.0548575445,
671,1.2281456207,2.7289090799,0.9170217029,0.0385060792,1.080267323,2.2445539035,0.9414271721,0.0548208934,
672,1.2294061352,2.7320126986,0.9176998178,0.0385058891,1.0823034571,2.2487086891,0.943321228,0.0548804542,
673,1.2285668818,2.7297581528,0.9174912647,0.038451228,1.0816682706,2.2462518353,0.9438838187,0.0548691579,
674,1.22745484,2.7264435167,0.9174530026,0.0384680008,1.0807589885,2.2427223361,0.9446187125,0.0549359169,
675,1.2244755474,2.7172566988,0.9176789169,0.0384910265,1.0776079649,2.2319491028,0.9458763376,0.0549984544,
676,1.2230486257,2.7141835376,0.9165127499,0.0384495894,1.0761553024,2.2283063468,0.9451574265,0.055002134,
677,1.2242734274,2.7155800455,0.9189133971,0.0383268395,1.0783376944,2.2303655136,0.9497118752,0.0549356942,
678,1.2241353424,2.7150961736,0.9190954706,0.0382143831,1.0785804011,2.2299356272,0.9509465144,0.0548590616,
679,1.2234199485,2.713231166,0.9188534862,0.0381751934,1.0781028147,2.2278977274,0.951540664,0.0548700526,
680,1.2209988999,2.7115581004,0.9133046267,0.0381339725,1.0750740984,2.2260959512,0.9442483699,0.054877974,
681,1.2214518108,2.7150331332,0.9112264576,0.0380958415,1.075993209,2.2307740289,0.9423105906,0.0548950075,
682,1.2231603778,2.7200685913,0.9113637285,0.0380488135,1.0785716345,2.2372487274,0.9435640967,0.0549020796,
683,1.2257902485,2.7299334665,0.9094120006,0.0380252785,1.0818929721,2.2491156466,0.9416261098,0.0549371597,
684,1.2262314019,2.7317066268,0.9090295804,0.0379579985,1.0827196098,2.2512516699,0.9419900887,0.0549170708,
685,1.2245309764,2.7259788456,0.9096945932,0.0379194905,1.0812291838,2.244791571,0.9439750052,0.0549209753,
686,1.2232223527,2.7229032885,0.9089248482,0.0378389216,1.0800139502,2.2413863124,0.9437836612,0.0548718768,
687,1.2245250718,2.722453847,0.9132644893,0.037856879,1.082534651,2.2411895659,0.9514577136,0.0549566735,
688,1.2227695992,2.7179791968,0.9125293779,0.0378002229,1.0808012443,2.2360634571,0.9513900561,0.0549502198,
689,1.2240753544,2.7226308115,0.9118528415,0.0377424101,1.0827028738,2.2417874588,0.9513789484,0.0549422142,
690,1.2214330979,2.7148954904,0.9117071533,0.03769665,1.0799716289,2.2328735026,0.9520995685,0.0549418154,
691,1.2210143014,2.7132457127,0.9120956271,0.0377015644,1.0799278121,2.2311230241,0.9536603907,0.0550000214,
692,1.2210594099,2.7162474402,0.9092494636,0.037681326,1.080150002,2.2350173284,0.9504104888,0.0550221888,
693,1.2198261116,2.7141601888,0.907710599,0.0376075472,1.0788594126,2.2325785979,0.9490065292,0.0549931107,
694,1.2162568438,2.7041510639,0.9070442163,0.0375752512,1.0746825476,2.2200387225,0.9490028066,0.0550061136,
695,1.2158813148,2.7036454166,0.9064335329,0.0375649949,1.0746626908,2.2197121045,0.9492327695,0.0550431984,
696,1.2145235307,2.7025993591,0.9034570554,0.0375141776,1.0731554612,2.2187432693,0.9456831803,0.0550399341,
697,1.2167598739,2.7110199529,0.9017278474,0.0375318215,1.0763812569,2.2299781544,0.9440604622,0.0551051541,
698,1.2174678148,2.7122861415,0.9026503784,0.0374669246,1.0777901852,2.2317409386,0.9465445692,0.0550850478,
699,1.2188282272,2.7153196975,0.9037597003,0.0374052836,1.08003628,2.2356970493,0.9493446218,0.055067169,
700,1.2195221518,2.7166160705,0.9045168894,0.0374334956,1.0814258174,2.2376551923,0.9514715104,0.0551507495,
701,1.218976474,2.7167474749,0.9028706998,0.0373112472,1.0809607126,2.2379178979,0.9498944128,0.0550698271,
702,1.2208930323,2.7257377145,0.8997336755,0.0372077067,1.0830990495,2.2485488356,0.9457446204,0.0550036924,
703,1.2190143269,2.721660713,0.8982268418,0.0371554261,1.0810245371,2.2437709483,0.944309645,0.0549930181,
704,1.2156170256,2.7093726448,0.9003150174,0.0371634146,1.0777721444,2.2294860106,0.9487652991,0.0550651235,
705,1.216580837,2.7139134531,0.8986299014,0.0371991566,1.0791617764,2.2354122369,0.9469105099,0.0551625824,
706,1.2167469286,2.7162201883,0.896938149,0.0370824484,1.0794936152,2.238168676,0.9452312395,0.0550809301,
707,1.2153783721,2.7135525962,0.8955480721,0.0370344479,1.0781030371,2.235144917,0.9440798858,0.0550843085,
708,1.216539686,2.7166249919,0.8959817846,0.0370122816,1.0800578361,2.2390102765,0.9460349254,0.0551283066,
709,1.2166531279,2.7195173971,0.8934913442,0.0369506422,1.0802107329,2.2424726439,0.9430590868,0.0551004681,
710,1.2183981033,2.7238449644,0.8943994163,0.0369499291,1.0828247962,2.2477064516,0.9456012796,0.0551666574,
711,1.2141234658,2.7107757239,0.894672526,0.0369221474,1.0781799913,2.2322314866,0.9471210424,0.0551874451,
712,1.2116458992,2.7024911445,0.8955839046,0.0368626485,1.0755552229,2.2217221593,0.9497867294,0.0551567799,
713,1.2120789199,2.7032549991,0.8961178323,0.0368639284,1.0767105924,2.2231058101,0.951812377,0.0552135902,
714,1.2132455013,2.7056870803,0.8972223684,0.0368270552,1.0787837409,2.2264640834,0.9546651459,0.0552219935,
715,1.2173219028,2.7199061748,0.8952662757,0.036793258,1.0839859506,2.2440692812,0.9526443938,0.0552441768,
716,1.2125620547,2.7088835925,0.8921015242,0.0367010474,1.0781704516,2.2309494702,0.948372841,0.0551890436,
717,1.2101413827,2.7047866397,0.8890097122,0.0366277962,1.0752219175,2.2260210273,0.9444845168,0.0551602084,
718,1.2098334131,2.7051098812,0.8877857456,0.0366046127,1.0751619697,2.2267290233,0.9435705577,0.0551863281,
719,1.2087114952,2.6999343693,0.8896043634,0.036595753,1.0744460674,2.2207205631,0.9473793542,0.0552382848,
720,1.2102854207,2.7047205542,0.8896112993,0.0365244088,1.0768557014,2.2270072092,0.9483529468,0.0552069482,
721,1.2096582043,2.7003783594,0.8921209191,0.0364753345,1.0768119208,2.2216784907,0.9535570011,0.0552002708,
722,1.2076546644,2.6927089031,0.8937739393,0.0364811507,1.0748031152,2.2119855973,0.9571615358,0.0552622126,
723,1.2092014811,2.6963635233,0.8947613834,0.0364795366,1.0773815997,2.217080881,0.9597535352,0.0553103829,
724,1.2067072054,2.694704009,0.8889992634,0.0364183439,1.0740850306,2.2150247359,0.9519415452,0.0552888105,
725,1.2045629292,2.689266657,0.8880557437,0.036366387,1.0716137118,2.207895511,0.9516669319,0.0552786926,
726,1.2034147123,2.6891248611,0.8848224502,0.0362968257,1.0703501817,2.2080229816,0.9477780239,0.0552495396,
727,1.2040949574,2.6937364411,0.8822799136,0.0362685176,1.0715657959,2.2146495957,0.9447717322,0.0552760599,
728,1.2052923354,2.6964746961,0.8831925013,0.0362098088,1.0736688964,2.2184298314,0.9473165758,0.055260282,
729,1.2115535421,2.7152240486,0.8832124763,0.0362241015,1.0820649674,2.2423149331,0.9485401345,0.0553398345,
730,1.2121842418,2.7160570526,0.8842790068,0.0362166659,1.0834236647,2.2435440351,0.951345561,0.0553813979,
731,1.2116498515,2.7142357246,0.8845548058,0.0361590242,1.0832211022,2.2415298032,0.9527590796,0.0553744238,
732,1.2079429022,2.7049519103,0.8827782346,0.0360985616,1.0788726336,2.2304241928,0.9508406666,0.0553530415,
733,1.2033775549,2.6913761459,0.8826801015,0.0360764174,1.0733535255,2.2129541619,0.951738957,0.0553674578,
734,1.2036062509,2.6904362644,0.8842975528,0.0360849355,1.0741571719,2.2117690096,0.9552874352,0.0554150709,
735,1.2015144893,2.6873098945,0.8811954793,0.036038094,1.0716059671,2.2079088125,0.9515016023,0.0554074866,
736,1.2005205785,2.6844799729,0.8811499102,0.0359318525,1.0706343367,2.2040862543,0.9524816295,0.0553351262,
737,1.2005209493,2.6840992642,0.8815800125,0.0358835713,1.0710467212,2.2035634345,0.9542394522,0.0553372768,
738,1.2010161529,2.6850407848,0.8821591746,0.0358484992,1.0722026805,2.2050148104,0.9562470647,0.0553461665,
739,1.2008613305,2.6890610511,0.8777437339,0.0357792064,1.0720928609,2.2106533579,0.9503095898,0.055315635,
740,1.2011567469,2.6907770309,0.8769173017,0.0357759081,1.0728929454,2.2133614656,0.9499438216,0.055373549,
741,1.2000417074,2.6862522082,0.8780925481,0.0357803659,1.0719919302,2.2077013484,0.9528366577,0.0554377844,
742,1.2009808138,2.6852952306,0.8818986293,0.0357485817,1.0739271422,2.206462848,0.9598661783,0.0554524002,
743,1.2026404397,2.6914355278,0.880802219,0.0356835722,1.0765071307,2.2147883826,0.9593019991,0.0554310103,
744,1.2008546558,2.6887974154,0.878162292,0.0356042599,1.0743424464,2.2113794917,0.956265162,0.0553826857,
745,1.1977805973,2.6821071666,0.8756821703,0.035552455,1.0703881949,2.2025348876,0.9532615492,0.055368148,
746,1.2021576695,2.6935258915,0.8773596492,0.0355874678,1.0769247504,2.2180533756,0.9572452707,0.0554756051,
747,1.1977881184,2.6779569585,0.8798621823,0.0355452145,1.0716790518,2.197353866,0.9622086789,0.0554746104,
748,1.194273152,2.6703044189,0.8770458675,0.0354691696,1.0669486133,2.1865843665,0.9588357889,0.0554256844,
749,1.1968756877,2.6788654706,0.8762962688,0.0354653236,1.0711696176,2.199321404,0.9587166856,0.0554707633,
